subject,relation,object
Proposal 284,Opposed By,0x008c84421da5527f462886cec43d2717b686a7e4-284
Proposal 284,Supported By,0x00cda37bfc3dd20349aa901fe8646688218d8772-284
Proposal 284,Supported By,0x2ed22ea03fea3e5bd90f6fdd52c20c26ff6e1300-284
Proposal 284,Opposed By,0x860b328060180b2a14ae5c018aba2dd42d7ab6ba-284
Proposal 284,Supported By,0x9d3bede31f1c3b8532b98d8a9569e4b5b3fb6ba8-284
Proposal 284,Opposed By,0xb0a2852750b15038cf9b5be255a483e3063162d7-284
Proposal 284,Opposed By,0xf9bf4c994b39d742e568096a04637edc5e8e6fda-284
Proposal 283,Opposed By,0x008c84421da5527f462886cec43d2717b686a7e4-283
Proposal 283,Supported By,0x2ed22ea03fea3e5bd90f6fdd52c20c26ff6e1300-283
Proposal 283,Opposed By,0x36a5bc205df1ed65c86301022cfc343a6ce546ff-283
Proposal 283,Opposed By,0x4754b7e3dede42d71d6c92978f25f306176ec7e9-283
Proposal 283,Opposed By,0x5606b493c51316a9e65c9b2a00bbf7ff92515a3e-283
Proposal 283,Opposed By,0x70ece45cdc64a768f936ccb8ac851578251363e3-283
Proposal 283,Supported By,0x7ed027076c9c3a2b92dc97e8f8b7f52c79670ad0-283
Proposal 283,Opposed By,0x860b328060180b2a14ae5c018aba2dd42d7ab6ba-283
Proposal 283,Opposed By,0x9d3bede31f1c3b8532b98d8a9569e4b5b3fb6ba8-283
Proposal 283,Opposed By,0xba2b9804fbffa8f1a8f7dc8dd600e21268bef09f-283
Proposal 283,Opposed By,0xd57db91ee451b818c44fd95a44b952ed5c0eb4e2-283
Proposal 283,Opposed By,0xe085327c5ad2f77147f10973fed45fb19d734f7e-283
Proposal 283,Opposed By,0xf9bf4c994b39d742e568096a04637edc5e8e6fda-283
Proposal 281,Opposed By,0x008c84421da5527f462886cec43d2717b686a7e4-281
Proposal 281,Opposed By,0x17ae58ab79444ad5b8ee2e232caf13c65c32af75-281
Proposal 281,Opposed By,0x2767edfee9f5ba743511ee4187a596b302b43938-281
Proposal 281,Opposed By,0x2ed22ea03fea3e5bd90f6fdd52c20c26ff6e1300-281
Proposal 281,Opposed By,0x36a5bc205df1ed65c86301022cfc343a6ce546ff-281
Proposal 281,Opposed By,0x44b1b486ce8d9c82f605626347a7b1f74add11de-281
Proposal 281,Opposed By,0x4754b7e3dede42d71d6c92978f25f306176ec7e9-281
Proposal 281,Opposed By,0x5606b493c51316a9e65c9b2a00bbf7ff92515a3e-281
Proposal 281,Opposed By,0x70ece45cdc64a768f936ccb8ac851578251363e3-281
Proposal 281,Opposed By,0x7de92ca2d0768cdba376aac853234d4eed8d8b5c-281
Proposal 281,Supported By,0x8321795bdace7428d4fadfa30c2ee8e727e491e5-281
Proposal 281,Opposed By,0x860b328060180b2a14ae5c018aba2dd42d7ab6ba-281
Proposal 281,Opposed By,0xc7a0d765c3af6e2710ba05a56c5e2ca190c2e11e-281
Proposal 281,Opposed By,0xd25973a3df7d2341ddea48303a3e6addec6184bf-281
Proposal 281,Opposed By,0xdcb4117e3a00632efcac3c169e0b23959f555e5e-281
Proposal 281,Opposed By,0xe085327c5ad2f77147f10973fed45fb19d734f7e-281
Proposal 281,Opposed By,0xf9bf4c994b39d742e568096a04637edc5e8e6fda-281
Proposal 280,Supported By,0x008c84421da5527f462886cec43d2717b686a7e4-280
Proposal 280,Supported By,0x13eef4ef8fca471f242ab0f8f49a3db6017ada33-280
Proposal 280,Supported By,0x1db19b9903c5510aa5a866ea643eb021cd12bda0-280
Proposal 280,Supported By,0x223d6a6d246d151afd7e68b6dab6b2718319219b-280
Proposal 280,Supported By,0x2ed22ea03fea3e5bd90f6fdd52c20c26ff6e1300-280
Proposal 280,Opposed By,0x3b60e31cfc48a9074cd5bebb26c9eaa77650a43f-280
Proposal 280,Opposed By,0x3cbd57da2f08b3268da07e5c9038c11861828637-280
Proposal 280,Supported By,0x400ea6522867456e988235675b9cb5b1cf5b79c8-280
Proposal 280,Supported By,0x44b1b486ce8d9c82f605626347a7b1f74add11de-280
Proposal 280,Supported By,0x4754b7e3dede42d71d6c92978f25f306176ec7e9-280
Proposal 280,Supported By,0x5606b493c51316a9e65c9b2a00bbf7ff92515a3e-280
Proposal 280,Supported By,0x70ece45cdc64a768f936ccb8ac851578251363e3-280
Proposal 280,Supported By,0x79f08f2e75a8c99428de4a2e6456c07c99e55da5-280
Proposal 280,Supported By,0x7c621d5954a4ac21a0fd741ab6f302398f29d644-280
Proposal 280,Opposed By,0x7de92ca2d0768cdba376aac853234d4eed8d8b5c-280
Proposal 280,Opposed By,0x8ac3ecf6973e020cc0e6e8989fb71b4a77d65987-280
Proposal 280,Opposed By,0xa86882277e69fbf0a51805cdc8b0a3a113079e63-280
Proposal 280,Supported By,0xa903c06bf35286f6d1cdad25396748353979a44c-280
Proposal 280,Opposed By,0xae65e700f3f8904ac1007d47a5309dd26f8146c0-280
Proposal 280,Supported By,0xaec4075e4fc8ce829bc4f0cfd5e2fa10dd2b12d1-280
Proposal 280,Opposed By,0xba2b9804fbffa8f1a8f7dc8dd600e21268bef09f-280
Proposal 280,Opposed By,0xbd7dbab9aeb52d6c8d0e80fcebde3af4cc86204a-280
Proposal 280,Opposed By,0xc7a0d765c3af6e2710ba05a56c5e2ca190c2e11e-280
Proposal 280,Supported By,0xd25973a3df7d2341ddea48303a3e6addec6184bf-280
Proposal 280,Supported By,0xdcb4117e3a00632efcac3c169e0b23959f555e5e-280
Proposal 280,Supported By,0xe085327c5ad2f77147f10973fed45fb19d734f7e-280
Proposal 280,Supported By,0xe412186a1865c4fe54a79e0adcb08b81233df674-280
Proposal 280,Supported By,0xe76fdf190c0e62722fab2d987a1595e5a1920a00-280
Proposal 280,Supported By,0xe8d24be3abf6eb27b800f752a969d3c1e84fd401-280
Proposal 280,Opposed By,0xeb13fddfa9b2a4a6e4e7b2d67b6e38c208c41249-280
Proposal 280,Supported By,0xfea2bf9ccadb6fe6260d674d904c51a31a658105-280
Proposal 279,Supported By,0x00cda37bfc3dd20349aa901fe8646688218d8772-279
Proposal 279,Supported By,0x0b3cf56e7df3bb3fb7201ffcd96d279b05ddd2e3-279
Proposal 279,Opposed By,0x13eef4ef8fca471f242ab0f8f49a3db6017ada33-279
Proposal 279,Opposed By,0x168cd7082a30c89af33d253bb0b27ed62b3e04a3-279
Proposal 279,Supported By,0x17ae58ab79444ad5b8ee2e232caf13c65c32af75-279
Proposal 279,Supported By,0x1db19b9903c5510aa5a866ea643eb021cd12bda0-279
Proposal 279,Supported By,0x1fc477a65a675be2ba1cc6731b73446fbaa3ee71-279
Proposal 279,Supported By,0x2666f0c8fb58d182f2dd79475dca4a07b3724607-279
Proposal 279,Supported By,0x2ed22ea03fea3e5bd90f6fdd52c20c26ff6e1300-279
Proposal 279,Supported By,0x3612b2e93b49f6c797066ca8c38b7f522b32c7cb-279
Proposal 279,Supported By,0x3b60e31cfc48a9074cd5bebb26c9eaa77650a43f-279
Proposal 279,Supported By,0x3cbd57da2f08b3268da07e5c9038c11861828637-279
Proposal 279,Opposed By,0x43e3ab994070db606042e8deffd146300cb52919-279
Proposal 279,Supported By,0x44b1b486ce8d9c82f605626347a7b1f74add11de-279
Proposal 279,Supported By,0x4575e437306d10ca7433e22796fff7dca70e6699-279
Proposal 279,Opposed By,0x4754b7e3dede42d71d6c92978f25f306176ec7e9-279
Proposal 279,Supported By,0x4756e5a5d0668195feb1ec0e7f96832ffc51c4a8-279
Proposal 279,Opposed By,0x5606b493c51316a9e65c9b2a00bbf7ff92515a3e-279
Proposal 279,Supported By,0x70ece45cdc64a768f936ccb8ac851578251363e3-279
Proposal 279,Supported By,0x7c621d5954a4ac21a0fd741ab6f302398f29d644-279
Proposal 279,Opposed By,0x7de92ca2d0768cdba376aac853234d4eed8d8b5c-279
Proposal 279,Supported By,0x83fcfe8ba2fece9578f0bbafed4ebf5e915045b9-279
Proposal 279,Supported By,0x86030dbbce1c771ff6622c20455cd3619aa93c05-279
Proposal 279,Supported By,0x860b328060180b2a14ae5c018aba2dd42d7ab6ba-279
Proposal 279,Supported By,0x8ac3ecf6973e020cc0e6e8989fb71b4a77d65987-279
Proposal 279,Opposed By,0x8da24b480689314c6d217f2d0bad0daccc87ff44-279
Proposal 279,Supported By,0x91dccaa260cc4616e1a6e6b693db7207c5e42937-279
Proposal 279,Supported By,0xa86882277e69fbf0a51805cdc8b0a3a113079e63-279
Proposal 279,Supported By,0xa903c06bf35286f6d1cdad25396748353979a44c-279
Proposal 279,Supported By,0xae65e700f3f8904ac1007d47a5309dd26f8146c0-279
Proposal 279,Supported By,0xba2b9804fbffa8f1a8f7dc8dd600e21268bef09f-279
Proposal 279,Supported By,0xbc3ed6b537f2980e66f396fe14210a56ba3f72c4-279
Proposal 279,Opposed By,0xbd7dbab9aeb52d6c8d0e80fcebde3af4cc86204a-279
Proposal 279,Supported By,0xc241497902c946202cd87bf332663d5e420cdafa-279
Proposal 279,Supported By,0xc7a0d765c3af6e2710ba05a56c5e2ca190c2e11e-279
Proposal 279,Opposed By,0xd25973a3df7d2341ddea48303a3e6addec6184bf-279
Proposal 279,Supported By,0xd57db91ee451b818c44fd95a44b952ed5c0eb4e2-279
Proposal 279,Opposed By,0xdcb4117e3a00632efcac3c169e0b23959f555e5e-279
Proposal 279,Supported By,0xe085327c5ad2f77147f10973fed45fb19d734f7e-279
Proposal 279,Supported By,0xe3d73daae939518c3853e0e8e532ae707cc1a436-279
Proposal 279,Opposed By,0xe412186a1865c4fe54a79e0adcb08b81233df674-279
Proposal 279,Opposed By,0xe7304ba0f157f2ade94015934284b6704bc72911-279
Proposal 279,Opposed By,0xe8d24be3abf6eb27b800f752a969d3c1e84fd401-279
Proposal 279,Opposed By,0xeb13fddfa9b2a4a6e4e7b2d67b6e38c208c41249-279
Proposal 279,Opposed By,0xf6b6f07862a02c85628b3a9688beae07fea9c863-279
Proposal 279,Opposed By,0xf9bf4c994b39d742e568096a04637edc5e8e6fda-279
Proposal 278,Supported By,0x008c84421da5527f462886cec43d2717b686a7e4-278
Proposal 278,Opposed By,0x00cda37bfc3dd20349aa901fe8646688218d8772-278
Proposal 278,Opposed By,0x095726a4903f2b0d95f921580ff88736a615b1ec-278
Proposal 278,Supported By,0x0b3cf56e7df3bb3fb7201ffcd96d279b05ddd2e3-278
Proposal 278,Opposed By,0x13eef4ef8fca471f242ab0f8f49a3db6017ada33-278
Proposal 278,Supported By,0x17ae58ab79444ad5b8ee2e232caf13c65c32af75-278
Proposal 278,Supported By,0x2666f0c8fb58d182f2dd79475dca4a07b3724607-278
Proposal 278,Supported By,0x2ed22ea03fea3e5bd90f6fdd52c20c26ff6e1300-278
Proposal 278,Supported By,0x3b60e31cfc48a9074cd5bebb26c9eaa77650a43f-278
Proposal 278,Supported By,0x3cbd57da2f08b3268da07e5c9038c11861828637-278
Proposal 278,Opposed By,0x43e3ab994070db606042e8deffd146300cb52919-278
Proposal 278,Supported By,0x4575e437306d10ca7433e22796fff7dca70e6699-278
Proposal 278,Opposed By,0x4754b7e3dede42d71d6c92978f25f306176ec7e9-278
Proposal 278,Opposed By,0x5606b493c51316a9e65c9b2a00bbf7ff92515a3e-278
Proposal 278,Supported By,0x5d802e2fe48392c104ce0401c7eca8a4456f1f16-278
Proposal 278,Supported By,0x70ece45cdc64a768f936ccb8ac851578251363e3-278
Proposal 278,Opposed By,0x79f08f2e75a8c99428de4a2e6456c07c99e55da5-278
Proposal 278,Opposed By,0x7c621d5954a4ac21a0fd741ab6f302398f29d644-278
Proposal 278,Opposed By,0x7de92ca2d0768cdba376aac853234d4eed8d8b5c-278
Proposal 278,Supported By,0x83fcfe8ba2fece9578f0bbafed4ebf5e915045b9-278
Proposal 278,Supported By,0x86030dbbce1c771ff6622c20455cd3619aa93c05-278
Proposal 278,Supported By,0x8ac3ecf6973e020cc0e6e8989fb71b4a77d65987-278
Proposal 278,Supported By,0x8da24b480689314c6d217f2d0bad0daccc87ff44-278
Proposal 278,Supported By,0x91dccaa260cc4616e1a6e6b693db7207c5e42937-278
Proposal 278,Supported By,0x9d3bede31f1c3b8532b98d8a9569e4b5b3fb6ba8-278
Proposal 278,Supported By,0xa1c0b11b86a46885b87c7ed68b91faa0c349e1cd-278
Proposal 278,Supported By,0xa86882277e69fbf0a51805cdc8b0a3a113079e63-278
Proposal 278,Supported By,0xa903c06bf35286f6d1cdad25396748353979a44c-278
Proposal 278,Supported By,0xae65e700f3f8904ac1007d47a5309dd26f8146c0-278
Proposal 278,Supported By,0xb2db1fdddf98cd7ac9dc4f5557caff2969d68447-278
Proposal 278,Supported By,0xba2b9804fbffa8f1a8f7dc8dd600e21268bef09f-278
Proposal 278,Supported By,0xbc3ed6b537f2980e66f396fe14210a56ba3f72c4-278
Proposal 278,Supported By,0xbd7dbab9aeb52d6c8d0e80fcebde3af4cc86204a-278
Proposal 278,Opposed By,0xc4f11eb455aa171c9b434f1f05a8d2f1eba99865-278
Proposal 278,Supported By,0xc7a0d765c3af6e2710ba05a56c5e2ca190c2e11e-278
Proposal 278,Opposed By,0xca90d43a2f3b9e9b356dd0877aced3df05296d60-278
Proposal 278,Opposed By,0xd25973a3df7d2341ddea48303a3e6addec6184bf-278
Proposal 278,Opposed By,0xd827fc611f20817c6811e656cac45b5f7fcacbf7-278
Proposal 278,Opposed By,0xdcb4117e3a00632efcac3c169e0b23959f555e5e-278
Proposal 278,Supported By,0xe085327c5ad2f77147f10973fed45fb19d734f7e-278
Proposal 278,Opposed By,0xe412186a1865c4fe54a79e0adcb08b81233df674-278
Proposal 278,Supported By,0xe8d24be3abf6eb27b800f752a969d3c1e84fd401-278
Proposal 278,Supported By,0xeb13fddfa9b2a4a6e4e7b2d67b6e38c208c41249-278
Proposal 278,Opposed By,0xf6b6f07862a02c85628b3a9688beae07fea9c863-278
Proposal 277,Opposed By,0x008c84421da5527f462886cec43d2717b686a7e4-277
Proposal 277,Supported By,0x00cda37bfc3dd20349aa901fe8646688218d8772-277
Proposal 277,Supported By,0x13eef4ef8fca471f242ab0f8f49a3db6017ada33-277
Proposal 277,Opposed By,0x168cd7082a30c89af33d253bb0b27ed62b3e04a3-277
Proposal 277,Opposed By,0x17ae58ab79444ad5b8ee2e232caf13c65c32af75-277
Proposal 277,Supported By,0x1db19b9903c5510aa5a866ea643eb021cd12bda0-277
Proposal 277,Opposed By,0x1e66a3d0a6a327b1f29e8acf3a3d9e1e4e088683-277
Proposal 277,Supported By,0x2666f0c8fb58d182f2dd79475dca4a07b3724607-277
Proposal 277,Opposed By,0x2767edfee9f5ba743511ee4187a596b302b43938-277
Proposal 277,Supported By,0x2ed22ea03fea3e5bd90f6fdd52c20c26ff6e1300-277
Proposal 277,Supported By,0x3b60e31cfc48a9074cd5bebb26c9eaa77650a43f-277
Proposal 277,Opposed By,0x43e3ab994070db606042e8deffd146300cb52919-277
Proposal 277,Supported By,0x44b1b486ce8d9c82f605626347a7b1f74add11de-277
Proposal 277,Supported By,0x4575e437306d10ca7433e22796fff7dca70e6699-277
Proposal 277,Opposed By,0x4754b7e3dede42d71d6c92978f25f306176ec7e9-277
Proposal 277,Opposed By,0x5606b493c51316a9e65c9b2a00bbf7ff92515a3e-277
Proposal 277,Supported By,0x70ece45cdc64a768f936ccb8ac851578251363e3-277
Proposal 277,Supported By,0x7c621d5954a4ac21a0fd741ab6f302398f29d644-277
Proposal 277,Opposed By,0x7de92ca2d0768cdba376aac853234d4eed8d8b5c-277
Proposal 277,Supported By,0x83fcfe8ba2fece9578f0bbafed4ebf5e915045b9-277
Proposal 277,Supported By,0x86030dbbce1c771ff6622c20455cd3619aa93c05-277
Proposal 277,Supported By,0x8ac3ecf6973e020cc0e6e8989fb71b4a77d65987-277
Proposal 277,Opposed By,0x8da24b480689314c6d217f2d0bad0daccc87ff44-277
Proposal 277,Supported By,0x91dccaa260cc4616e1a6e6b693db7207c5e42937-277
Proposal 277,Supported By,0x93d94557824ac07a30b5b0f44f7cb3e00f9c4191-277
Proposal 277,Supported By,0xa86882277e69fbf0a51805cdc8b0a3a113079e63-277
Proposal 277,Supported By,0xa903c06bf35286f6d1cdad25396748353979a44c-277
Proposal 277,Supported By,0xae65e700f3f8904ac1007d47a5309dd26f8146c0-277
Proposal 277,Supported By,0xb9e43e4fa60c0a702a417d5e7e6df37151c1da28-277
Proposal 277,Supported By,0xba2b9804fbffa8f1a8f7dc8dd600e21268bef09f-277
Proposal 277,Supported By,0xbd7dbab9aeb52d6c8d0e80fcebde3af4cc86204a-277
Proposal 277,Supported By,0xc7a0d765c3af6e2710ba05a56c5e2ca190c2e11e-277
Proposal 277,Opposed By,0xd25973a3df7d2341ddea48303a3e6addec6184bf-277
Proposal 277,Supported By,0xdcb4117e3a00632efcac3c169e0b23959f555e5e-277
Proposal 277,Supported By,0xe085327c5ad2f77147f10973fed45fb19d734f7e-277
Proposal 277,Supported By,0xe3d73daae939518c3853e0e8e532ae707cc1a436-277
Proposal 277,Supported By,0xe412186a1865c4fe54a79e0adcb08b81233df674-277
Proposal 277,Supported By,0xe8d24be3abf6eb27b800f752a969d3c1e84fd401-277
Proposal 277,Opposed By,0xeb13fddfa9b2a4a6e4e7b2d67b6e38c208c41249-277
Proposal 277,Opposed By,0xf6b6f07862a02c85628b3a9688beae07fea9c863-277
Proposal 274,Supported By,0x008c84421da5527f462886cec43d2717b686a7e4-274
Proposal 274,Opposed By,0x00cda37bfc3dd20349aa901fe8646688218d8772-274
Proposal 274,Supported By,0x13eef4ef8fca471f242ab0f8f49a3db6017ada33-274
Proposal 274,Opposed By,0x17beaa158e68ff9225b4c85151831c7a0d8f258d-274
Proposal 274,Supported By,0x1db19b9903c5510aa5a866ea643eb021cd12bda0-274
Proposal 274,Supported By,0x1e66a3d0a6a327b1f29e8acf3a3d9e1e4e088683-274
Proposal 274,Opposed By,0x2666f0c8fb58d182f2dd79475dca4a07b3724607-274
Proposal 274,Supported By,0x2767edfee9f5ba743511ee4187a596b302b43938-274
Proposal 274,Supported By,0x29c5dad7e34d0a27d6f65a0a7e07e4d03dcd68c8-274
Proposal 274,Supported By,0x2ed22ea03fea3e5bd90f6fdd52c20c26ff6e1300-274
Proposal 274,Supported By,0x328883ae99bc1be99e7adf18bc1486cdc5477adb-274
Proposal 274,Opposed By,0x3b60e31cfc48a9074cd5bebb26c9eaa77650a43f-274
Proposal 274,Supported By,0x43e3ab994070db606042e8deffd146300cb52919-274
Proposal 274,Opposed By,0x44b1b486ce8d9c82f605626347a7b1f74add11de-274
Proposal 274,Supported By,0x4754b7e3dede42d71d6c92978f25f306176ec7e9-274
Proposal 274,Supported By,0x538c4f2afa012911851dadf0655cb61377e7a8eb-274
Proposal 274,Supported By,0x5606b493c51316a9e65c9b2a00bbf7ff92515a3e-274
Proposal 274,Supported By,0x696ed7b26f4b019ceec78dc8b9140ad64a6f354b-274
Proposal 274,Opposed By,0x70ece45cdc64a768f936ccb8ac851578251363e3-274
Proposal 274,Opposed By,0x79f08f2e75a8c99428de4a2e6456c07c99e55da5-274
Proposal 274,Opposed By,0x7c621d5954a4ac21a0fd741ab6f302398f29d644-274
Proposal 274,Supported By,0x7de92ca2d0768cdba376aac853234d4eed8d8b5c-274
Proposal 274,Opposed By,0x83fcfe8ba2fece9578f0bbafed4ebf5e915045b9-274
Proposal 274,Opposed By,0x86030dbbce1c771ff6622c20455cd3619aa93c05-274
Proposal 274,Opposed By,0x860b328060180b2a14ae5c018aba2dd42d7ab6ba-274
Proposal 274,Supported By,0x8ac3ecf6973e020cc0e6e8989fb71b4a77d65987-274
Proposal 274,Supported By,0x8da24b480689314c6d217f2d0bad0daccc87ff44-274
Proposal 274,Supported By,0x91dccaa260cc4616e1a6e6b693db7207c5e42937-274
Proposal 274,Opposed By,0xa86882277e69fbf0a51805cdc8b0a3a113079e63-274
Proposal 274,Opposed By,0xa903c06bf35286f6d1cdad25396748353979a44c-274
Proposal 274,Opposed By,0xae65e700f3f8904ac1007d47a5309dd26f8146c0-274
Proposal 274,Supported By,0xaec4075e4fc8ce829bc4f0cfd5e2fa10dd2b12d1-274
Proposal 274,Opposed By,0xba2b9804fbffa8f1a8f7dc8dd600e21268bef09f-274
Proposal 274,Supported By,0xbc3ed6b537f2980e66f396fe14210a56ba3f72c4-274
Proposal 274,Supported By,0xc7a0d765c3af6e2710ba05a56c5e2ca190c2e11e-274
Proposal 274,Supported By,0xca90d43a2f3b9e9b356dd0877aced3df05296d60-274
Proposal 274,Opposed By,0xcc2688350d29623e2a0844cc8885f9050f0f6ed5-274
Proposal 274,Supported By,0xcc778603d10bdb4865ff6589b4f48ce8f9887744-274
Proposal 274,Supported By,0xdcb4117e3a00632efcac3c169e0b23959f555e5e-274
Proposal 274,Supported By,0xe085327c5ad2f77147f10973fed45fb19d734f7e-274
Proposal 274,Supported By,0xe412186a1865c4fe54a79e0adcb08b81233df674-274
Proposal 274,Supported By,0xe7304ba0f157f2ade94015934284b6704bc72911-274
Proposal 274,Supported By,0xe8d24be3abf6eb27b800f752a969d3c1e84fd401-274
Proposal 274,Opposed By,0xeb13fddfa9b2a4a6e4e7b2d67b6e38c208c41249-274
Proposal 274,Supported By,0xeffec2d0163343c8f26983af1f6684e0b966a6b2-274
Proposal 274,Supported By,0xf2b7bfcdd6b596767e346269a8675472b45d098f-274
Proposal 274,Supported By,0xf6b6f07862a02c85628b3a9688beae07fea9c863-274
Proposal 274,Supported By,0xf9bf4c994b39d742e568096a04637edc5e8e6fda-274
Proposal 273,Opposed By,0x008c84421da5527f462886cec43d2717b686a7e4-273
Proposal 273,Opposed By,0x13eef4ef8fca471f242ab0f8f49a3db6017ada33-273
Proposal 273,Opposed By,0x2666f0c8fb58d182f2dd79475dca4a07b3724607-273
Proposal 273,Supported By,0x3b60e31cfc48a9074cd5bebb26c9eaa77650a43f-273
Proposal 273,Opposed By,0x44b1b486ce8d9c82f605626347a7b1f74add11de-273
Proposal 273,Opposed By,0x4754b7e3dede42d71d6c92978f25f306176ec7e9-273
Proposal 273,Opposed By,0x538c4f2afa012911851dadf0655cb61377e7a8eb-273
Proposal 273,Opposed By,0x5606b493c51316a9e65c9b2a00bbf7ff92515a3e-273
Proposal 273,Opposed By,0x696ed7b26f4b019ceec78dc8b9140ad64a6f354b-273
Proposal 273,Opposed By,0x70ece45cdc64a768f936ccb8ac851578251363e3-273
Proposal 273,Opposed By,0x75ee6eb3d8dacf41ee2e5307090b197d3e1cca6e-273
Proposal 273,Supported By,0x7c621d5954a4ac21a0fd741ab6f302398f29d644-273
Proposal 273,Opposed By,0x7de92ca2d0768cdba376aac853234d4eed8d8b5c-273
Proposal 273,Opposed By,0x860b328060180b2a14ae5c018aba2dd42d7ab6ba-273
Proposal 273,Opposed By,0x8ac3ecf6973e020cc0e6e8989fb71b4a77d65987-273
Proposal 273,Supported By,0x9d3bede31f1c3b8532b98d8a9569e4b5b3fb6ba8-273
Proposal 273,Opposed By,0xa86882277e69fbf0a51805cdc8b0a3a113079e63-273
Proposal 273,Opposed By,0xd25973a3df7d2341ddea48303a3e6addec6184bf-273
Proposal 273,Opposed By,0xeffec2d0163343c8f26983af1f6684e0b966a6b2-273
Proposal 272,Supported By,0x008c84421da5527f462886cec43d2717b686a7e4-272
Proposal 272,Supported By,0x00cda37bfc3dd20349aa901fe8646688218d8772-272
Proposal 272,Supported By,0x13eef4ef8fca471f242ab0f8f49a3db6017ada33-272
Proposal 272,Supported By,0x1db19b9903c5510aa5a866ea643eb021cd12bda0-272
Proposal 272,Supported By,0x1e66a3d0a6a327b1f29e8acf3a3d9e1e4e088683-272
Proposal 272,Opposed By,0x2666f0c8fb58d182f2dd79475dca4a07b3724607-272
Proposal 272,Supported By,0x2767edfee9f5ba743511ee4187a596b302b43938-272
Proposal 272,Opposed By,0x281ec184e704ce57570614c33b3477ec7ff07243-272
Proposal 272,Supported By,0x2ed22ea03fea3e5bd90f6fdd52c20c26ff6e1300-272
Proposal 272,Supported By,0x328883ae99bc1be99e7adf18bc1486cdc5477adb-272
Proposal 272,Opposed By,0x36a5bc205df1ed65c86301022cfc343a6ce546ff-272
Proposal 272,Supported By,0x3b60e31cfc48a9074cd5bebb26c9eaa77650a43f-272
Proposal 272,Opposed By,0x3cbd57da2f08b3268da07e5c9038c11861828637-272
Proposal 272,Opposed By,0x44b1b486ce8d9c82f605626347a7b1f74add11de-272
Proposal 272,Supported By,0x4754b7e3dede42d71d6c92978f25f306176ec7e9-272
Proposal 272,Supported By,0x5606b493c51316a9e65c9b2a00bbf7ff92515a3e-272
Proposal 272,Supported By,0x696ed7b26f4b019ceec78dc8b9140ad64a6f354b-272
Proposal 272,Opposed By,0x70ece45cdc64a768f936ccb8ac851578251363e3-272
Proposal 272,Supported By,0x75ee6eb3d8dacf41ee2e5307090b197d3e1cca6e-272
Proposal 272,Supported By,0x7b7736a2c07c4332ffad45a039d2117ae15e3f66-272
Proposal 272,Opposed By,0x7c621d5954a4ac21a0fd741ab6f302398f29d644-272
Proposal 272,Supported By,0x7de92ca2d0768cdba376aac853234d4eed8d8b5c-272
Proposal 272,Opposed By,0x83fcfe8ba2fece9578f0bbafed4ebf5e915045b9-272
Proposal 272,Opposed By,0x86030dbbce1c771ff6622c20455cd3619aa93c05-272
Proposal 272,Opposed By,0x860b328060180b2a14ae5c018aba2dd42d7ab6ba-272
Proposal 272,Opposed By,0x8ac3ecf6973e020cc0e6e8989fb71b4a77d65987-272
Proposal 272,Supported By,0x8ae80e0b44205904be18869240c2ec62d2342785-272
Proposal 272,Supported By,0x91dccaa260cc4616e1a6e6b693db7207c5e42937-272
Proposal 272,Opposed By,0xa86882277e69fbf0a51805cdc8b0a3a113079e63-272
Proposal 272,Opposed By,0xa903c06bf35286f6d1cdad25396748353979a44c-272
Proposal 272,Supported By,0xae65e700f3f8904ac1007d47a5309dd26f8146c0-272
Proposal 272,Supported By,0xaec4075e4fc8ce829bc4f0cfd5e2fa10dd2b12d1-272
Proposal 272,Supported By,0xb0a2852750b15038cf9b5be255a483e3063162d7-272
Proposal 272,Opposed By,0xba2b9804fbffa8f1a8f7dc8dd600e21268bef09f-272
Proposal 272,Supported By,0xbc3ed6b537f2980e66f396fe14210a56ba3f72c4-272
Proposal 272,Opposed By,0xc7a0d765c3af6e2710ba05a56c5e2ca190c2e11e-272
Proposal 272,Opposed By,0xcc2688350d29623e2a0844cc8885f9050f0f6ed5-272
Proposal 272,Supported By,0xcc778603d10bdb4865ff6589b4f48ce8f9887744-272
Proposal 272,Supported By,0xd25973a3df7d2341ddea48303a3e6addec6184bf-272
Proposal 272,Supported By,0xdcb4117e3a00632efcac3c169e0b23959f555e5e-272
Proposal 272,Supported By,0xe085327c5ad2f77147f10973fed45fb19d734f7e-272
Proposal 272,Supported By,0xe412186a1865c4fe54a79e0adcb08b81233df674-272
Proposal 272,Supported By,0xe8d24be3abf6eb27b800f752a969d3c1e84fd401-272
Proposal 272,Opposed By,0xeb13fddfa9b2a4a6e4e7b2d67b6e38c208c41249-272
Proposal 272,Supported By,0xeffec2d0163343c8f26983af1f6684e0b966a6b2-272
Proposal 272,Supported By,0xfc538ffd2923dddaed09c8ad1a51686275c56183-272
Proposal 271,Supported By,0x008c84421da5527f462886cec43d2717b686a7e4-271
Proposal 271,Opposed By,0x00cda37bfc3dd20349aa901fe8646688218d8772-271
Proposal 271,Supported By,0x095726a4903f2b0d95f921580ff88736a615b1ec-271
Proposal 271,Supported By,0x0b3cf56e7df3bb3fb7201ffcd96d279b05ddd2e3-271
Proposal 271,Opposed By,0x13eef4ef8fca471f242ab0f8f49a3db6017ada33-271
Proposal 271,Opposed By,0x168cd7082a30c89af33d253bb0b27ed62b3e04a3-271
Proposal 271,Supported By,0x1766255e71a11f9f9d13abe3f2840e3f6942aa29-271
Proposal 271,Supported By,0x1db19b9903c5510aa5a866ea643eb021cd12bda0-271
Proposal 271,Opposed By,0x1e66a3d0a6a327b1f29e8acf3a3d9e1e4e088683-271
Proposal 271,Supported By,0x2666f0c8fb58d182f2dd79475dca4a07b3724607-271
Proposal 271,Opposed By,0x2767edfee9f5ba743511ee4187a596b302b43938-271
Proposal 271,Supported By,0x281ec184e704ce57570614c33b3477ec7ff07243-271
Proposal 271,Opposed By,0x29c5dad7e34d0a27d6f65a0a7e07e4d03dcd68c8-271
Proposal 271,Supported By,0x2ed22ea03fea3e5bd90f6fdd52c20c26ff6e1300-271
Proposal 271,Supported By,0x328883ae99bc1be99e7adf18bc1486cdc5477adb-271
Proposal 271,Supported By,0x3318a75b20ed2eb4ab97b4b8700d05e35829e718-271
Proposal 271,Supported By,0x36a5bc205df1ed65c86301022cfc343a6ce546ff-271
Proposal 271,Supported By,0x3b60e31cfc48a9074cd5bebb26c9eaa77650a43f-271
Proposal 271,Supported By,0x3cbd57da2f08b3268da07e5c9038c11861828637-271
Proposal 271,Supported By,0x44b1b486ce8d9c82f605626347a7b1f74add11de-271
Proposal 271,Supported By,0x4575e437306d10ca7433e22796fff7dca70e6699-271
Proposal 271,Opposed By,0x4754b7e3dede42d71d6c92978f25f306176ec7e9-271
Proposal 271,Supported By,0x4f8f81ccc630546af53148c78970e7bdd9705766-271
Proposal 271,Opposed By,0x538c4f2afa012911851dadf0655cb61377e7a8eb-271
Proposal 271,Opposed By,0x5606b493c51316a9e65c9b2a00bbf7ff92515a3e-271
Proposal 271,Opposed By,0x60232134f0a9177e5248bc44fc95c2c5efef8e1a-271
Proposal 271,Supported By,0x63e04a7f65f17b057ca18d6bee65b03a213c294b-271
Proposal 271,Opposed By,0x696ed7b26f4b019ceec78dc8b9140ad64a6f354b-271
Proposal 271,Supported By,0x70ece45cdc64a768f936ccb8ac851578251363e3-271
Proposal 271,Supported By,0x75cce138ae159f4c1e92be13474595a89f2b121b-271
Proposal 271,Opposed By,0x75ee6eb3d8dacf41ee2e5307090b197d3e1cca6e-271
Proposal 271,Opposed By,0x79f08f2e75a8c99428de4a2e6456c07c99e55da5-271
Proposal 271,Supported By,0x7ae41296d53a5f1cc765262f435261107b2df2f1-271
Proposal 271,Opposed By,0x7b7736a2c07c4332ffad45a039d2117ae15e3f66-271
Proposal 271,Supported By,0x7c621d5954a4ac21a0fd741ab6f302398f29d644-271
Proposal 271,Opposed By,0x7de92ca2d0768cdba376aac853234d4eed8d8b5c-271
Proposal 271,Supported By,0x7fd83a33f3ac3e6c8943e7b0b768b51ede114248-271
Proposal 271,Supported By,0x82bea28ab81f40fb563dd043bdbdba0e0403b174-271
Proposal 271,Supported By,0x8321795bdace7428d4fadfa30c2ee8e727e491e5-271
Proposal 271,Supported By,0x8323f1c687f7e2296ec71ee3549a7430ea7ec730-271
Proposal 271,Supported By,0x83fcfe8ba2fece9578f0bbafed4ebf5e915045b9-271
Proposal 271,Supported By,0x86030dbbce1c771ff6622c20455cd3619aa93c05-271
Proposal 271,Opposed By,0x860b328060180b2a14ae5c018aba2dd42d7ab6ba-271
Proposal 271,Opposed By,0x8ac3ecf6973e020cc0e6e8989fb71b4a77d65987-271
Proposal 271,Opposed By,0x8ae80e0b44205904be18869240c2ec62d2342785-271
Proposal 271,Supported By,0x8da24b480689314c6d217f2d0bad0daccc87ff44-271
Proposal 271,Supported By,0x91dccaa260cc4616e1a6e6b693db7207c5e42937-271
Proposal 271,Supported By,0x93d94557824ac07a30b5b0f44f7cb3e00f9c4191-271
Proposal 271,Supported By,0x9ae8912ea6562957043c8d048641aa9b450c397f-271
Proposal 271,Supported By,0x9d3bede31f1c3b8532b98d8a9569e4b5b3fb6ba8-271
Proposal 271,Supported By,0x9dfa905f6192ba863ad309a8250f26cf58fe6487-271
Proposal 271,Opposed By,0xa2e41625416d46302e7352f56f8de92aadb6e886-271
Proposal 271,Supported By,0xa4e232fceedb3f43c8e707f8cf20b6bcf30f10e1-271
Proposal 271,Supported By,0xa86882277e69fbf0a51805cdc8b0a3a113079e63-271
Proposal 271,Supported By,0xa903c06bf35286f6d1cdad25396748353979a44c-271
Proposal 271,Supported By,0xae65e700f3f8904ac1007d47a5309dd26f8146c0-271
Proposal 271,Opposed By,0xaec4075e4fc8ce829bc4f0cfd5e2fa10dd2b12d1-271
Proposal 271,Opposed By,0xb0a2852750b15038cf9b5be255a483e3063162d7-271
Proposal 271,Supported By,0xb2db1fdddf98cd7ac9dc4f5557caff2969d68447-271
Proposal 271,Supported By,0xb9e43e4fa60c0a702a417d5e7e6df37151c1da28-271
Proposal 271,Supported By,0xba2b9804fbffa8f1a8f7dc8dd600e21268bef09f-271
Proposal 271,Supported By,0xbb92e300d891acf6535deb862d6852bb654283af-271
Proposal 271,Supported By,0xbc3ed6b537f2980e66f396fe14210a56ba3f72c4-271
Proposal 271,Supported By,0xbd7dbab9aeb52d6c8d0e80fcebde3af4cc86204a-271
Proposal 271,Supported By,0xc4f11eb455aa171c9b434f1f05a8d2f1eba99865-271
Proposal 271,Opposed By,0xc7a0d765c3af6e2710ba05a56c5e2ca190c2e11e-271
Proposal 271,Opposed By,0xcc2688350d29623e2a0844cc8885f9050f0f6ed5-271
Proposal 271,Opposed By,0xcc778603d10bdb4865ff6589b4f48ce8f9887744-271
Proposal 271,Opposed By,0xd25973a3df7d2341ddea48303a3e6addec6184bf-271
Proposal 271,Supported By,0xd827fc611f20817c6811e656cac45b5f7fcacbf7-271
Proposal 271,Opposed By,0xdcb4117e3a00632efcac3c169e0b23959f555e5e-271
Proposal 271,Supported By,0xe085327c5ad2f77147f10973fed45fb19d734f7e-271
Proposal 271,Supported By,0xe26d78c6bff297bbc2da3f80fea9a42028a4260f-271
Proposal 271,Opposed By,0xe412186a1865c4fe54a79e0adcb08b81233df674-271
Proposal 271,Opposed By,0xeb13fddfa9b2a4a6e4e7b2d67b6e38c208c41249-271
Proposal 271,Opposed By,0xeffec2d0163343c8f26983af1f6684e0b966a6b2-271
Proposal 271,Supported By,0xf5c2a1360bd394fcb206179959af90e9ee9ef8be-271
Proposal 271,Opposed By,0xf6b6f07862a02c85628b3a9688beae07fea9c863-271
Proposal 271,Opposed By,0xf9bf4c994b39d742e568096a04637edc5e8e6fda-271
Proposal 271,Supported By,0xfc538ffd2923dddaed09c8ad1a51686275c56183-271
Proposal 269,Supported By,0x008c84421da5527f462886cec43d2717b686a7e4-269
Proposal 269,Supported By,0x0658f4ed17289144717713adffc2539ef7c2ef8e-269
Proposal 269,Supported By,0x144975eec9674fd0af3d6f3fba8d660879ce3881-269
Proposal 269,Supported By,0x1db19b9903c5510aa5a866ea643eb021cd12bda0-269
Proposal 269,Supported By,0x2767edfee9f5ba743511ee4187a596b302b43938-269
Proposal 269,Supported By,0x281ec184e704ce57570614c33b3477ec7ff07243-269
Proposal 269,Supported By,0x3b60e31cfc48a9074cd5bebb26c9eaa77650a43f-269
Proposal 269,Opposed By,0x44b1b486ce8d9c82f605626347a7b1f74add11de-269
Proposal 269,Opposed By,0x4754b7e3dede42d71d6c92978f25f306176ec7e9-269
Proposal 269,Opposed By,0x5606b493c51316a9e65c9b2a00bbf7ff92515a3e-269
Proposal 269,Supported By,0x5e3cd5e01526cc3783ad7e97598909e2fefe4140-269
Proposal 269,Supported By,0x70ece45cdc64a768f936ccb8ac851578251363e3-269
Proposal 269,Opposed By,0x7de92ca2d0768cdba376aac853234d4eed8d8b5c-269
Proposal 269,Supported By,0x81b9a5f21efdb5df0210471b9a94e0d4ad9951ed-269
Proposal 269,Opposed By,0x86030dbbce1c771ff6622c20455cd3619aa93c05-269
Proposal 269,Supported By,0x8ac3ecf6973e020cc0e6e8989fb71b4a77d65987-269
Proposal 269,Supported By,0x8ae80e0b44205904be18869240c2ec62d2342785-269
Proposal 269,Supported By,0x91dccaa260cc4616e1a6e6b693db7207c5e42937-269
Proposal 269,Opposed By,0xa86882277e69fbf0a51805cdc8b0a3a113079e63-269
Proposal 269,Supported By,0xa903c06bf35286f6d1cdad25396748353979a44c-269
Proposal 269,Supported By,0xae65e700f3f8904ac1007d47a5309dd26f8146c0-269
Proposal 269,Supported By,0xb9e43e4fa60c0a702a417d5e7e6df37151c1da28-269
Proposal 269,Opposed By,0xba2b9804fbffa8f1a8f7dc8dd600e21268bef09f-269
Proposal 269,Opposed By,0xbc3ed6b537f2980e66f396fe14210a56ba3f72c4-269
Proposal 269,Supported By,0xbd7dbab9aeb52d6c8d0e80fcebde3af4cc86204a-269
Proposal 269,Supported By,0xc7a0d765c3af6e2710ba05a56c5e2ca190c2e11e-269
Proposal 269,Supported By,0xcc2688350d29623e2a0844cc8885f9050f0f6ed5-269
Proposal 269,Supported By,0xd3db398162a5e177bd093ac231dd28096f72da5e-269
Proposal 269,Supported By,0xdcb4117e3a00632efcac3c169e0b23959f555e5e-269
Proposal 269,Supported By,0xdead753f9b1eb8f2f7372e8587e7c6e342daac89-269
Proposal 269,Supported By,0xe412186a1865c4fe54a79e0adcb08b81233df674-269
Proposal 269,Supported By,0xe8d24be3abf6eb27b800f752a969d3c1e84fd401-269
Proposal 269,Supported By,0xeb13fddfa9b2a4a6e4e7b2d67b6e38c208c41249-269
Proposal 269,Opposed By,0xf6b6f07862a02c85628b3a9688beae07fea9c863-269
Proposal 268,Supported By,0x008c84421da5527f462886cec43d2717b686a7e4-268
Proposal 268,Supported By,0x13eef4ef8fca471f242ab0f8f49a3db6017ada33-268
Proposal 268,Supported By,0x19cc9d48f2032f3ec8d6f60ea84979169a848231-268
Proposal 268,Opposed By,0x1db19b9903c5510aa5a866ea643eb021cd12bda0-268
Proposal 268,Supported By,0x1e66a3d0a6a327b1f29e8acf3a3d9e1e4e088683-268
Proposal 268,Supported By,0x281ec184e704ce57570614c33b3477ec7ff07243-268
Proposal 268,Opposed By,0x3b60e31cfc48a9074cd5bebb26c9eaa77650a43f-268
Proposal 268,Supported By,0x3fde4f78811638d9372cba2b8074ad26abce6c71-268
Proposal 268,Opposed By,0x44b1b486ce8d9c82f605626347a7b1f74add11de-268
Proposal 268,Opposed By,0x4575e437306d10ca7433e22796fff7dca70e6699-268
Proposal 268,Supported By,0x4754b7e3dede42d71d6c92978f25f306176ec7e9-268
Proposal 268,Supported By,0x5606b493c51316a9e65c9b2a00bbf7ff92515a3e-268
Proposal 268,Supported By,0x696ed7b26f4b019ceec78dc8b9140ad64a6f354b-268
Proposal 268,Opposed By,0x70ece45cdc64a768f936ccb8ac851578251363e3-268
Proposal 268,Supported By,0x7de92ca2d0768cdba376aac853234d4eed8d8b5c-268
Proposal 268,Opposed By,0x83fcfe8ba2fece9578f0bbafed4ebf5e915045b9-268
Proposal 268,Opposed By,0x86030dbbce1c771ff6622c20455cd3619aa93c05-268
Proposal 268,Opposed By,0x8ac3ecf6973e020cc0e6e8989fb71b4a77d65987-268
Proposal 268,Supported By,0x8ae80e0b44205904be18869240c2ec62d2342785-268
Proposal 268,Supported By,0x91dccaa260cc4616e1a6e6b693db7207c5e42937-268
Proposal 268,Opposed By,0xa002c3a0c7eb9330c5b21cf3bec7fd1a7fa0befe-268
Proposal 268,Opposed By,0xa86882277e69fbf0a51805cdc8b0a3a113079e63-268
Proposal 268,Supported By,0xa903c06bf35286f6d1cdad25396748353979a44c-268
Proposal 268,Opposed By,0xae65e700f3f8904ac1007d47a5309dd26f8146c0-268
Proposal 268,Supported By,0xaec4075e4fc8ce829bc4f0cfd5e2fa10dd2b12d1-268
Proposal 268,Opposed By,0xba2b9804fbffa8f1a8f7dc8dd600e21268bef09f-268
Proposal 268,Opposed By,0xbc3ed6b537f2980e66f396fe14210a56ba3f72c4-268
Proposal 268,Opposed By,0xc7a0d765c3af6e2710ba05a56c5e2ca190c2e11e-268
Proposal 268,Opposed By,0xcc2688350d29623e2a0844cc8885f9050f0f6ed5-268
Proposal 268,Supported By,0xd25973a3df7d2341ddea48303a3e6addec6184bf-268
Proposal 268,Supported By,0xdcb4117e3a00632efcac3c169e0b23959f555e5e-268
Proposal 268,Opposed By,0xe26d78c6bff297bbc2da3f80fea9a42028a4260f-268
Proposal 268,Supported By,0xe412186a1865c4fe54a79e0adcb08b81233df674-268
Proposal 268,Supported By,0xe8d24be3abf6eb27b800f752a969d3c1e84fd401-268
Proposal 268,Opposed By,0xeb13fddfa9b2a4a6e4e7b2d67b6e38c208c41249-268
Proposal 268,Supported By,0xf1544ba9a1ad3c8c8b507de3e1f5243c3697e367-268
Proposal 268,Supported By,0xf6b6f07862a02c85628b3a9688beae07fea9c863-268
Proposal 268,Supported By,0xf9bf4c994b39d742e568096a04637edc5e8e6fda-268
Proposal 268,Opposed By,0xfc538ffd2923dddaed09c8ad1a51686275c56183-268
Proposal 266,Opposed By,0x008c84421da5527f462886cec43d2717b686a7e4-266
Proposal 266,Opposed By,0x13eef4ef8fca471f242ab0f8f49a3db6017ada33-266
Proposal 266,Supported By,0x144975eec9674fd0af3d6f3fba8d660879ce3881-266
Proposal 266,Opposed By,0x1db19b9903c5510aa5a866ea643eb021cd12bda0-266
Proposal 266,Opposed By,0x1e66a3d0a6a327b1f29e8acf3a3d9e1e4e088683-266
Proposal 266,Opposed By,0x281ec184e704ce57570614c33b3477ec7ff07243-266
Proposal 266,Supported By,0x387a161c6b25aa854100abaed39274e51aaffffd-266
Proposal 266,Supported By,0x3b60e31cfc48a9074cd5bebb26c9eaa77650a43f-266
Proposal 266,Opposed By,0x4575e437306d10ca7433e22796fff7dca70e6699-266
Proposal 266,Opposed By,0x4754b7e3dede42d71d6c92978f25f306176ec7e9-266
Proposal 266,Opposed By,0x5606b493c51316a9e65c9b2a00bbf7ff92515a3e-266
Proposal 266,Opposed By,0x6dbd6a29aee4a273c5178dae7c48bc3d3deb1d7d-266
Proposal 266,Opposed By,0x70ece45cdc64a768f936ccb8ac851578251363e3-266
Proposal 266,Opposed By,0x7de92ca2d0768cdba376aac853234d4eed8d8b5c-266
Proposal 266,Supported By,0x86030dbbce1c771ff6622c20455cd3619aa93c05-266
Proposal 266,Opposed By,0x8ac3ecf6973e020cc0e6e8989fb71b4a77d65987-266
Proposal 266,Opposed By,0x8ae80e0b44205904be18869240c2ec62d2342785-266
Proposal 266,Opposed By,0x91dccaa260cc4616e1a6e6b693db7207c5e42937-266
Proposal 266,Supported By,0xa86882277e69fbf0a51805cdc8b0a3a113079e63-266
Proposal 266,Supported By,0xa903c06bf35286f6d1cdad25396748353979a44c-266
Proposal 266,Opposed By,0xae65e700f3f8904ac1007d47a5309dd26f8146c0-266
Proposal 266,Opposed By,0xba2b9804fbffa8f1a8f7dc8dd600e21268bef09f-266
Proposal 266,Opposed By,0xbd7dbab9aeb52d6c8d0e80fcebde3af4cc86204a-266
Proposal 266,Supported By,0xc3fdadbae46798cd8762185a09c5b672a7aa36bb-266
Proposal 266,Supported By,0xc7a0d765c3af6e2710ba05a56c5e2ca190c2e11e-266
Proposal 266,Opposed By,0xcc2688350d29623e2a0844cc8885f9050f0f6ed5-266
Proposal 266,Opposed By,0xd25973a3df7d2341ddea48303a3e6addec6184bf-266
Proposal 266,Opposed By,0xdcb4117e3a00632efcac3c169e0b23959f555e5e-266
Proposal 266,Opposed By,0xdead753f9b1eb8f2f7372e8587e7c6e342daac89-266
Proposal 266,Opposed By,0xe26d78c6bff297bbc2da3f80fea9a42028a4260f-266
Proposal 266,Opposed By,0xe412186a1865c4fe54a79e0adcb08b81233df674-266
Proposal 266,Supported By,0xe8d24be3abf6eb27b800f752a969d3c1e84fd401-266
Proposal 266,Opposed By,0xeb13fddfa9b2a4a6e4e7b2d67b6e38c208c41249-266
Proposal 266,Opposed By,0xfc538ffd2923dddaed09c8ad1a51686275c56183-266
Proposal 265,Supported By,0x008c84421da5527f462886cec43d2717b686a7e4-265
Proposal 265,Opposed By,0x0b3cf56e7df3bb3fb7201ffcd96d279b05ddd2e3-265
Proposal 265,Opposed By,0x13eef4ef8fca471f242ab0f8f49a3db6017ada33-265
Proposal 265,Supported By,0x17a01db837345772f2e65adf2fb4f4de10ac1b72-265
Proposal 265,Opposed By,0x17ae58ab79444ad5b8ee2e232caf13c65c32af75-265
Proposal 265,Opposed By,0x1db19b9903c5510aa5a866ea643eb021cd12bda0-265
Proposal 265,Opposed By,0x2767edfee9f5ba743511ee4187a596b302b43938-265
Proposal 265,Supported By,0x2ed22ea03fea3e5bd90f6fdd52c20c26ff6e1300-265
Proposal 265,Opposed By,0x3b60e31cfc48a9074cd5bebb26c9eaa77650a43f-265
Proposal 265,Supported By,0x43e3ab994070db606042e8deffd146300cb52919-265
Proposal 265,Opposed By,0x44b1b486ce8d9c82f605626347a7b1f74add11de-265
Proposal 265,Opposed By,0x4575e437306d10ca7433e22796fff7dca70e6699-265
Proposal 265,Opposed By,0x4754b7e3dede42d71d6c92978f25f306176ec7e9-265
Proposal 265,Opposed By,0x5606b493c51316a9e65c9b2a00bbf7ff92515a3e-265
Proposal 265,Opposed By,0x56af52a9611afda072a73afd0e1ff4c4e35ee94a-265
Proposal 265,Opposed By,0x70ece45cdc64a768f936ccb8ac851578251363e3-265
Proposal 265,Opposed By,0x83fcfe8ba2fece9578f0bbafed4ebf5e915045b9-265
Proposal 265,Opposed By,0x86030dbbce1c771ff6622c20455cd3619aa93c05-265
Proposal 265,Opposed By,0x8ac3ecf6973e020cc0e6e8989fb71b4a77d65987-265
Proposal 265,Supported By,0x91dccaa260cc4616e1a6e6b693db7207c5e42937-265
Proposal 265,Opposed By,0xa86882277e69fbf0a51805cdc8b0a3a113079e63-265
Proposal 265,Supported By,0xae65e700f3f8904ac1007d47a5309dd26f8146c0-265
Proposal 265,Opposed By,0xbc3ed6b537f2980e66f396fe14210a56ba3f72c4-265
Proposal 265,Opposed By,0xbd7dbab9aeb52d6c8d0e80fcebde3af4cc86204a-265
Proposal 265,Supported By,0xc7a0d765c3af6e2710ba05a56c5e2ca190c2e11e-265
Proposal 265,Opposed By,0xcc2688350d29623e2a0844cc8885f9050f0f6ed5-265
Proposal 265,Opposed By,0xdcb4117e3a00632efcac3c169e0b23959f555e5e-265
Proposal 265,Opposed By,0xe412186a1865c4fe54a79e0adcb08b81233df674-265
Proposal 265,Opposed By,0xfc538ffd2923dddaed09c8ad1a51686275c56183-265
Proposal 264,Opposed By,0x17ae58ab79444ad5b8ee2e232caf13c65c32af75-264
Proposal 264,Opposed By,0x387a161c6b25aa854100abaed39274e51aaffffd-264
Proposal 264,Opposed By,0x4754b7e3dede42d71d6c92978f25f306176ec7e9-264
Proposal 264,Opposed By,0x5606b493c51316a9e65c9b2a00bbf7ff92515a3e-264
Proposal 264,Opposed By,0x86030dbbce1c771ff6622c20455cd3619aa93c05-264
Proposal 264,Opposed By,0x8ac3ecf6973e020cc0e6e8989fb71b4a77d65987-264
Proposal 264,Opposed By,0xa1c0b11b86a46885b87c7ed68b91faa0c349e1cd-264
Proposal 264,Opposed By,0xd25973a3df7d2341ddea48303a3e6addec6184bf-264
Proposal 264,Opposed By,0xeb13fddfa9b2a4a6e4e7b2d67b6e38c208c41249-264
Proposal 264,Opposed By,0xf6b6f07862a02c85628b3a9688beae07fea9c863-264
Proposal 262,Supported By,0x0055cd5f017027d10adf4f13332181e6d8d886bb-262
Proposal 262,Supported By,0x008c84421da5527f462886cec43d2717b686a7e4-262
Proposal 262,Supported By,0x0b3cf56e7df3bb3fb7201ffcd96d279b05ddd2e3-262
Proposal 262,Supported By,0x0c66d954d9cb1ebdf4e37a000262323c83655e70-262
Proposal 262,Supported By,0x17a01db837345772f2e65adf2fb4f4de10ac1b72-262
Proposal 262,Supported By,0x17ae58ab79444ad5b8ee2e232caf13c65c32af75-262
Proposal 262,Supported By,0x1db19b9903c5510aa5a866ea643eb021cd12bda0-262
Proposal 262,Supported By,0x1e66a3d0a6a327b1f29e8acf3a3d9e1e4e088683-262
Proposal 262,Supported By,0x2767edfee9f5ba743511ee4187a596b302b43938-262
Proposal 262,Supported By,0x281ec184e704ce57570614c33b3477ec7ff07243-262
Proposal 262,Opposed By,0x2a019853a00ca3af202c262076da3308f606277f-262
Proposal 262,Supported By,0x2ed22ea03fea3e5bd90f6fdd52c20c26ff6e1300-262
Proposal 262,Supported By,0x31a50fd42b910c635e4d25b63b7b90fad1451695-262
Proposal 262,Supported By,0x387a161c6b25aa854100abaed39274e51aaffffd-262
Proposal 262,Opposed By,0x3b60e31cfc48a9074cd5bebb26c9eaa77650a43f-262
Proposal 262,Opposed By,0x43e3ab994070db606042e8deffd146300cb52919-262
Proposal 262,Opposed By,0x44b1b486ce8d9c82f605626347a7b1f74add11de-262
Proposal 262,Opposed By,0x4575e437306d10ca7433e22796fff7dca70e6699-262
Proposal 262,Supported By,0x51b692349fdd3a4553e602b951ec4ad133a77d6f-262
Proposal 262,Supported By,0x6cc34d9fb4ae289256fc1896308d387aee2bcc52-262
Proposal 262,Opposed By,0x70ece45cdc64a768f936ccb8ac851578251363e3-262
Proposal 262,Opposed By,0x7c1282a7621f0e2f6169e151628552a8b8a57b2d-262
Proposal 262,Opposed By,0x7de92ca2d0768cdba376aac853234d4eed8d8b5c-262
Proposal 262,Supported By,0x7f64c6e6908de72221a06a06b4a02a6546a4d6d2-262
Proposal 262,Opposed By,0x83fcfe8ba2fece9578f0bbafed4ebf5e915045b9-262
Proposal 262,Opposed By,0x86030dbbce1c771ff6622c20455cd3619aa93c05-262
Proposal 262,Opposed By,0x8ac3ecf6973e020cc0e6e8989fb71b4a77d65987-262
Proposal 262,Supported By,0x8ae80e0b44205904be18869240c2ec62d2342785-262
Proposal 262,Supported By,0x8e71c9644898665a91e4db3dee8bdde97b3c71bc-262
Proposal 262,Opposed By,0x91dccaa260cc4616e1a6e6b693db7207c5e42937-262
Proposal 262,Opposed By,0x93d94557824ac07a30b5b0f44f7cb3e00f9c4191-262
Proposal 262,Supported By,0xa86882277e69fbf0a51805cdc8b0a3a113079e63-262
Proposal 262,Supported By,0xa903c06bf35286f6d1cdad25396748353979a44c-262
Proposal 262,Supported By,0xaa4fbd73051b151397bb369c7e2a6052a894d924-262
Proposal 262,Supported By,0xae65e700f3f8904ac1007d47a5309dd26f8146c0-262
Proposal 262,Supported By,0xb4496906d6ea2685e7a46a14baefae9fe3bf0d2f-262
Proposal 262,Supported By,0xb52235dc0751ce6e171c51fbf459fd6637c6ccc8-262
Proposal 262,Supported By,0xbc3ed6b537f2980e66f396fe14210a56ba3f72c4-262
Proposal 262,Supported By,0xbd7dbab9aeb52d6c8d0e80fcebde3af4cc86204a-262
Proposal 262,Opposed By,0xc7a0d765c3af6e2710ba05a56c5e2ca190c2e11e-262
Proposal 262,Opposed By,0xca90d43a2f3b9e9b356dd0877aced3df05296d60-262
Proposal 262,Opposed By,0xcc2688350d29623e2a0844cc8885f9050f0f6ed5-262
Proposal 262,Opposed By,0xd25973a3df7d2341ddea48303a3e6addec6184bf-262
Proposal 262,Supported By,0xdcb4117e3a00632efcac3c169e0b23959f555e5e-262
Proposal 262,Opposed By,0xdead753f9b1eb8f2f7372e8587e7c6e342daac89-262
Proposal 262,Opposed By,0xe26d78c6bff297bbc2da3f80fea9a42028a4260f-262
Proposal 262,Opposed By,0xe8d24be3abf6eb27b800f752a969d3c1e84fd401-262
Proposal 262,Opposed By,0xeb13fddfa9b2a4a6e4e7b2d67b6e38c208c41249-262
Proposal 262,Opposed By,0xf6b6f07862a02c85628b3a9688beae07fea9c863-262
Proposal 262,Opposed By,0xfc538ffd2923dddaed09c8ad1a51686275c56183-262
Proposal 260,Opposed By,0x008c84421da5527f462886cec43d2717b686a7e4-260
Proposal 260,Opposed By,0x0b3cf56e7df3bb3fb7201ffcd96d279b05ddd2e3-260
Proposal 260,Supported By,0x0c66d954d9cb1ebdf4e37a000262323c83655e70-260
Proposal 260,Supported By,0x17a01db837345772f2e65adf2fb4f4de10ac1b72-260
Proposal 260,Opposed By,0x1db19b9903c5510aa5a866ea643eb021cd12bda0-260
Proposal 260,Opposed By,0x1e66a3d0a6a327b1f29e8acf3a3d9e1e4e088683-260
Proposal 260,Supported By,0x2767edfee9f5ba743511ee4187a596b302b43938-260
Proposal 260,Supported By,0x281ec184e704ce57570614c33b3477ec7ff07243-260
Proposal 260,Opposed By,0x2a019853a00ca3af202c262076da3308f606277f-260
Proposal 260,Supported By,0x2ed22ea03fea3e5bd90f6fdd52c20c26ff6e1300-260
Proposal 260,Opposed By,0x36a5bc205df1ed65c86301022cfc343a6ce546ff-260
Proposal 260,Supported By,0x387a161c6b25aa854100abaed39274e51aaffffd-260
Proposal 260,Supported By,0x3b60e31cfc48a9074cd5bebb26c9eaa77650a43f-260
Proposal 260,Supported By,0x43e3ab994070db606042e8deffd146300cb52919-260
Proposal 260,Opposed By,0x44b1b486ce8d9c82f605626347a7b1f74add11de-260
Proposal 260,Opposed By,0x4754b7e3dede42d71d6c92978f25f306176ec7e9-260
Proposal 260,Supported By,0x51b692349fdd3a4553e602b951ec4ad133a77d6f-260
Proposal 260,Opposed By,0x5606b493c51316a9e65c9b2a00bbf7ff92515a3e-260
Proposal 260,Opposed By,0x5ca40836e6473a495148972a13dd9014797c0e92-260
Proposal 260,Supported By,0x70ece45cdc64a768f936ccb8ac851578251363e3-260
Proposal 260,Supported By,0x7de92ca2d0768cdba376aac853234d4eed8d8b5c-260
Proposal 260,Opposed By,0x86030dbbce1c771ff6622c20455cd3619aa93c05-260
Proposal 260,Supported By,0x8ac3ecf6973e020cc0e6e8989fb71b4a77d65987-260
Proposal 260,Opposed By,0x8ae80e0b44205904be18869240c2ec62d2342785-260
Proposal 260,Supported By,0x8e71c9644898665a91e4db3dee8bdde97b3c71bc-260
Proposal 260,Opposed By,0x91dccaa260cc4616e1a6e6b693db7207c5e42937-260
Proposal 260,Supported By,0x93d94557824ac07a30b5b0f44f7cb3e00f9c4191-260
Proposal 260,Supported By,0xa1c0b11b86a46885b87c7ed68b91faa0c349e1cd-260
Proposal 260,Opposed By,0xa86882277e69fbf0a51805cdc8b0a3a113079e63-260
Proposal 260,Supported By,0xa903c06bf35286f6d1cdad25396748353979a44c-260
Proposal 260,Opposed By,0xae65e700f3f8904ac1007d47a5309dd26f8146c0-260
Proposal 260,Opposed By,0xb0a2852750b15038cf9b5be255a483e3063162d7-260
Proposal 260,Opposed By,0xb52235dc0751ce6e171c51fbf459fd6637c6ccc8-260
Proposal 260,Opposed By,0xba2b9804fbffa8f1a8f7dc8dd600e21268bef09f-260
Proposal 260,Opposed By,0xbc3ed6b537f2980e66f396fe14210a56ba3f72c4-260
Proposal 260,Supported By,0xc7a0d765c3af6e2710ba05a56c5e2ca190c2e11e-260
Proposal 260,Supported By,0xcc2688350d29623e2a0844cc8885f9050f0f6ed5-260
Proposal 260,Opposed By,0xd25973a3df7d2341ddea48303a3e6addec6184bf-260
Proposal 260,Supported By,0xdcb4117e3a00632efcac3c169e0b23959f555e5e-260
Proposal 260,Supported By,0xdead753f9b1eb8f2f7372e8587e7c6e342daac89-260
Proposal 260,Opposed By,0xe26d78c6bff297bbc2da3f80fea9a42028a4260f-260
Proposal 260,Supported By,0xe8d24be3abf6eb27b800f752a969d3c1e84fd401-260
Proposal 260,Opposed By,0xeb13fddfa9b2a4a6e4e7b2d67b6e38c208c41249-260
Proposal 260,Opposed By,0xfc538ffd2923dddaed09c8ad1a51686275c56183-260
Proposal 259,Supported By,0x008c84421da5527f462886cec43d2717b686a7e4-259
Proposal 259,Supported By,0x0b3cf56e7df3bb3fb7201ffcd96d279b05ddd2e3-259
Proposal 259,Supported By,0x0c66d954d9cb1ebdf4e37a000262323c83655e70-259
Proposal 259,Supported By,0x1766255e71a11f9f9d13abe3f2840e3f6942aa29-259
Proposal 259,Supported By,0x17a01db837345772f2e65adf2fb4f4de10ac1b72-259
Proposal 259,Supported By,0x1db19b9903c5510aa5a866ea643eb021cd12bda0-259
Proposal 259,Supported By,0x1e66a3d0a6a327b1f29e8acf3a3d9e1e4e088683-259
Proposal 259,Supported By,0x2767edfee9f5ba743511ee4187a596b302b43938-259
Proposal 259,Supported By,0x281ec184e704ce57570614c33b3477ec7ff07243-259
Proposal 259,Opposed By,0x2a019853a00ca3af202c262076da3308f606277f-259
Proposal 259,Supported By,0x2ed22ea03fea3e5bd90f6fdd52c20c26ff6e1300-259
Proposal 259,Supported By,0x36a5bc205df1ed65c86301022cfc343a6ce546ff-259
Proposal 259,Supported By,0x387a161c6b25aa854100abaed39274e51aaffffd-259
Proposal 259,Supported By,0x3b60e31cfc48a9074cd5bebb26c9eaa77650a43f-259
Proposal 259,Supported By,0x43e3ab994070db606042e8deffd146300cb52919-259
Proposal 259,Supported By,0x44b1b486ce8d9c82f605626347a7b1f74add11de-259
Proposal 259,Supported By,0x4575e437306d10ca7433e22796fff7dca70e6699-259
Proposal 259,Supported By,0x4754b7e3dede42d71d6c92978f25f306176ec7e9-259
Proposal 259,Supported By,0x5606b493c51316a9e65c9b2a00bbf7ff92515a3e-259
Proposal 259,Supported By,0x5ca40836e6473a495148972a13dd9014797c0e92-259
Proposal 259,Supported By,0x70ece45cdc64a768f936ccb8ac851578251363e3-259
Proposal 259,Opposed By,0x7de92ca2d0768cdba376aac853234d4eed8d8b5c-259
Proposal 259,Supported By,0x7f64c6e6908de72221a06a06b4a02a6546a4d6d2-259
Proposal 259,Supported By,0x83fcfe8ba2fece9578f0bbafed4ebf5e915045b9-259
Proposal 259,Supported By,0x86030dbbce1c771ff6622c20455cd3619aa93c05-259
Proposal 259,Supported By,0x8ac3ecf6973e020cc0e6e8989fb71b4a77d65987-259
Proposal 259,Supported By,0x8ae80e0b44205904be18869240c2ec62d2342785-259
Proposal 259,Supported By,0x8e71c9644898665a91e4db3dee8bdde97b3c71bc-259
Proposal 259,Supported By,0x91dccaa260cc4616e1a6e6b693db7207c5e42937-259
Proposal 259,Supported By,0x93d94557824ac07a30b5b0f44f7cb3e00f9c4191-259
Proposal 259,Supported By,0xa002c3a0c7eb9330c5b21cf3bec7fd1a7fa0befe-259
Proposal 259,Supported By,0xa86882277e69fbf0a51805cdc8b0a3a113079e63-259
Proposal 259,Supported By,0xa903c06bf35286f6d1cdad25396748353979a44c-259
Proposal 259,Supported By,0xae65e700f3f8904ac1007d47a5309dd26f8146c0-259
Proposal 259,Supported By,0xb4496906d6ea2685e7a46a14baefae9fe3bf0d2f-259
Proposal 259,Supported By,0xba2b9804fbffa8f1a8f7dc8dd600e21268bef09f-259
Proposal 259,Supported By,0xbc3ed6b537f2980e66f396fe14210a56ba3f72c4-259
Proposal 259,Supported By,0xcc2688350d29623e2a0844cc8885f9050f0f6ed5-259
Proposal 259,Opposed By,0xd25973a3df7d2341ddea48303a3e6addec6184bf-259
Proposal 259,Supported By,0xdcb4117e3a00632efcac3c169e0b23959f555e5e-259
Proposal 259,Supported By,0xdead753f9b1eb8f2f7372e8587e7c6e342daac89-259
Proposal 259,Supported By,0xe26d78c6bff297bbc2da3f80fea9a42028a4260f-259
Proposal 259,Opposed By,0xeb13fddfa9b2a4a6e4e7b2d67b6e38c208c41249-259
Proposal 259,Supported By,0xeffec2d0163343c8f26983af1f6684e0b966a6b2-259
Proposal 259,Supported By,0xfc538ffd2923dddaed09c8ad1a51686275c56183-259
Proposal 258,Opposed By,0x008c84421da5527f462886cec43d2717b686a7e4-258
Proposal 258,Opposed By,0x0b3cf56e7df3bb3fb7201ffcd96d279b05ddd2e3-258
Proposal 258,Opposed By,0x1d3bc1f9d3f9770453949abd619592cd7583c5ed-258
Proposal 258,Opposed By,0x1db19b9903c5510aa5a866ea643eb021cd12bda0-258
Proposal 258,Opposed By,0x1e66a3d0a6a327b1f29e8acf3a3d9e1e4e088683-258
Proposal 258,Opposed By,0x2767edfee9f5ba743511ee4187a596b302b43938-258
Proposal 258,Opposed By,0x281ec184e704ce57570614c33b3477ec7ff07243-258
Proposal 258,Opposed By,0x2a019853a00ca3af202c262076da3308f606277f-258
Proposal 258,Opposed By,0x3b60e31cfc48a9074cd5bebb26c9eaa77650a43f-258
Proposal 258,Opposed By,0x4575e437306d10ca7433e22796fff7dca70e6699-258
Proposal 258,Opposed By,0x4754b7e3dede42d71d6c92978f25f306176ec7e9-258
Proposal 258,Opposed By,0x5606b493c51316a9e65c9b2a00bbf7ff92515a3e-258
Proposal 258,Opposed By,0x6dbd6a29aee4a273c5178dae7c48bc3d3deb1d7d-258
Proposal 258,Opposed By,0x70ece45cdc64a768f936ccb8ac851578251363e3-258
Proposal 258,Opposed By,0x75ee6eb3d8dacf41ee2e5307090b197d3e1cca6e-258
Proposal 258,Opposed By,0x7c1282a7621f0e2f6169e151628552a8b8a57b2d-258
Proposal 258,Opposed By,0x7de92ca2d0768cdba376aac853234d4eed8d8b5c-258
Proposal 258,Opposed By,0x86030dbbce1c771ff6622c20455cd3619aa93c05-258
Proposal 258,Opposed By,0x8ac3ecf6973e020cc0e6e8989fb71b4a77d65987-258
Proposal 258,Supported By,0x8ae80e0b44205904be18869240c2ec62d2342785-258
Proposal 258,Opposed By,0x93d94557824ac07a30b5b0f44f7cb3e00f9c4191-258
Proposal 258,Opposed By,0xa86882277e69fbf0a51805cdc8b0a3a113079e63-258
Proposal 258,Opposed By,0xa903c06bf35286f6d1cdad25396748353979a44c-258
Proposal 258,Opposed By,0xae65e700f3f8904ac1007d47a5309dd26f8146c0-258
Proposal 258,Opposed By,0xb52235dc0751ce6e171c51fbf459fd6637c6ccc8-258
Proposal 258,Opposed By,0xba2b9804fbffa8f1a8f7dc8dd600e21268bef09f-258
Proposal 258,Supported By,0xc7f354b172e53c0dffa8db17b028f634cd2efcbf-258
Proposal 258,Opposed By,0xcc2688350d29623e2a0844cc8885f9050f0f6ed5-258
Proposal 258,Opposed By,0xdcb4117e3a00632efcac3c169e0b23959f555e5e-258
Proposal 258,Opposed By,0xe085327c5ad2f77147f10973fed45fb19d734f7e-258
Proposal 258,Opposed By,0xe8d24be3abf6eb27b800f752a969d3c1e84fd401-258
Proposal 258,Opposed By,0xeb13fddfa9b2a4a6e4e7b2d67b6e38c208c41249-258
Proposal 258,Opposed By,0xfc538ffd2923dddaed09c8ad1a51686275c56183-258
Proposal 257,Supported By,0x008c84421da5527f462886cec43d2717b686a7e4-257
Proposal 257,Supported By,0x0b3cf56e7df3bb3fb7201ffcd96d279b05ddd2e3-257
Proposal 257,Supported By,0x0c66d954d9cb1ebdf4e37a000262323c83655e70-257
Proposal 257,Supported By,0x13eef4ef8fca471f242ab0f8f49a3db6017ada33-257
Proposal 257,Supported By,0x17a01db837345772f2e65adf2fb4f4de10ac1b72-257
Proposal 257,Supported By,0x17ae58ab79444ad5b8ee2e232caf13c65c32af75-257
Proposal 257,Supported By,0x1d3bc1f9d3f9770453949abd619592cd7583c5ed-257
Proposal 257,Supported By,0x1db19b9903c5510aa5a866ea643eb021cd12bda0-257
Proposal 257,Supported By,0x1e66a3d0a6a327b1f29e8acf3a3d9e1e4e088683-257
Proposal 257,Supported By,0x281ec184e704ce57570614c33b3477ec7ff07243-257
Proposal 257,Opposed By,0x2a019853a00ca3af202c262076da3308f606277f-257
Proposal 257,Supported By,0x2ed22ea03fea3e5bd90f6fdd52c20c26ff6e1300-257
Proposal 257,Supported By,0x3b60e31cfc48a9074cd5bebb26c9eaa77650a43f-257
Proposal 257,Supported By,0x4575e437306d10ca7433e22796fff7dca70e6699-257
Proposal 257,Supported By,0x4754b7e3dede42d71d6c92978f25f306176ec7e9-257
Proposal 257,Supported By,0x5606b493c51316a9e65c9b2a00bbf7ff92515a3e-257
Proposal 257,Supported By,0x6dbd6a29aee4a273c5178dae7c48bc3d3deb1d7d-257
Proposal 257,Supported By,0x70ece45cdc64a768f936ccb8ac851578251363e3-257
Proposal 257,Supported By,0x75ee6eb3d8dacf41ee2e5307090b197d3e1cca6e-257
Proposal 257,Opposed By,0x7de92ca2d0768cdba376aac853234d4eed8d8b5c-257
Proposal 257,Supported By,0x7f64c6e6908de72221a06a06b4a02a6546a4d6d2-257
Proposal 257,Supported By,0x83fcfe8ba2fece9578f0bbafed4ebf5e915045b9-257
Proposal 257,Supported By,0x86030dbbce1c771ff6622c20455cd3619aa93c05-257
Proposal 257,Supported By,0x8ac3ecf6973e020cc0e6e8989fb71b4a77d65987-257
Proposal 257,Supported By,0x8ae80e0b44205904be18869240c2ec62d2342785-257
Proposal 257,Supported By,0x8da24b480689314c6d217f2d0bad0daccc87ff44-257
Proposal 257,Supported By,0x91dccaa260cc4616e1a6e6b693db7207c5e42937-257
Proposal 257,Supported By,0x93d94557824ac07a30b5b0f44f7cb3e00f9c4191-257
Proposal 257,Supported By,0xa86882277e69fbf0a51805cdc8b0a3a113079e63-257
Proposal 257,Supported By,0xa903c06bf35286f6d1cdad25396748353979a44c-257
Proposal 257,Supported By,0xae65e700f3f8904ac1007d47a5309dd26f8146c0-257
Proposal 257,Supported By,0xb52235dc0751ce6e171c51fbf459fd6637c6ccc8-257
Proposal 257,Supported By,0xba2b9804fbffa8f1a8f7dc8dd600e21268bef09f-257
Proposal 257,Supported By,0xcc2688350d29623e2a0844cc8885f9050f0f6ed5-257
Proposal 257,Supported By,0xdb7f66f3d53a6a0ec43a49c7b6713e1bd3bd1383-257
Proposal 257,Supported By,0xdcb4117e3a00632efcac3c169e0b23959f555e5e-257
Proposal 257,Supported By,0xe085327c5ad2f77147f10973fed45fb19d734f7e-257
Proposal 257,Supported By,0xe26d78c6bff297bbc2da3f80fea9a42028a4260f-257
Proposal 257,Supported By,0xe8d24be3abf6eb27b800f752a969d3c1e84fd401-257
Proposal 257,Supported By,0xeb13fddfa9b2a4a6e4e7b2d67b6e38c208c41249-257
Proposal 257,Supported By,0xeffec2d0163343c8f26983af1f6684e0b966a6b2-257
Proposal 257,Supported By,0xf6b6f07862a02c85628b3a9688beae07fea9c863-257
Proposal 257,Supported By,0xfc538ffd2923dddaed09c8ad1a51686275c56183-257
Proposal 256,Supported By,0x0055cd5f017027d10adf4f13332181e6d8d886bb-256
Proposal 256,Opposed By,0x008c84421da5527f462886cec43d2717b686a7e4-256
Proposal 256,Supported By,0x0617c2d8c901ab2b17b64072b0c7d4c76f6e8a91-256
Proposal 256,Supported By,0x0b3cf56e7df3bb3fb7201ffcd96d279b05ddd2e3-256
Proposal 256,Supported By,0x0c66d954d9cb1ebdf4e37a000262323c83655e70-256
Proposal 256,Supported By,0x13eef4ef8fca471f242ab0f8f49a3db6017ada33-256
Proposal 256,Supported By,0x1766255e71a11f9f9d13abe3f2840e3f6942aa29-256
Proposal 256,Supported By,0x17a01db837345772f2e65adf2fb4f4de10ac1b72-256
Proposal 256,Supported By,0x17ae58ab79444ad5b8ee2e232caf13c65c32af75-256
Proposal 256,Opposed By,0x181e1d0974ffaf070e8f3c458c1df0432bd936c7-256
Proposal 256,Supported By,0x19cc9d48f2032f3ec8d6f60ea84979169a848231-256
Proposal 256,Opposed By,0x1d3bc1f9d3f9770453949abd619592cd7583c5ed-256
Proposal 256,Supported By,0x1db19b9903c5510aa5a866ea643eb021cd12bda0-256
Proposal 256,Supported By,0x1e66a3d0a6a327b1f29e8acf3a3d9e1e4e088683-256
Proposal 256,Supported By,0x2767edfee9f5ba743511ee4187a596b302b43938-256
Proposal 256,Supported By,0x281ec184e704ce57570614c33b3477ec7ff07243-256
Proposal 256,Opposed By,0x2a019853a00ca3af202c262076da3308f606277f-256
Proposal 256,Supported By,0x2ed22ea03fea3e5bd90f6fdd52c20c26ff6e1300-256
Proposal 256,Supported By,0x31a50fd42b910c635e4d25b63b7b90fad1451695-256
Proposal 256,Supported By,0x3b60e31cfc48a9074cd5bebb26c9eaa77650a43f-256
Proposal 256,Supported By,0x4575e437306d10ca7433e22796fff7dca70e6699-256
Proposal 256,Opposed By,0x4754b7e3dede42d71d6c92978f25f306176ec7e9-256
Proposal 256,Opposed By,0x5606b493c51316a9e65c9b2a00bbf7ff92515a3e-256
Proposal 256,Opposed By,0x60bf178a865d733e9a40c5f8e9f5d5aa6e84498a-256
Proposal 256,Supported By,0x66d5527411d821cb513f2d214bbbc0ad73586b35-256
Proposal 256,Opposed By,0x696ed7b26f4b019ceec78dc8b9140ad64a6f354b-256
Proposal 256,Opposed By,0x70ece45cdc64a768f936ccb8ac851578251363e3-256
Proposal 256,Opposed By,0x75ee6eb3d8dacf41ee2e5307090b197d3e1cca6e-256
Proposal 256,Opposed By,0x7b7736a2c07c4332ffad45a039d2117ae15e3f66-256
Proposal 256,Supported By,0x7c1282a7621f0e2f6169e151628552a8b8a57b2d-256
Proposal 256,Opposed By,0x7de92ca2d0768cdba376aac853234d4eed8d8b5c-256
Proposal 256,Supported By,0x7f64c6e6908de72221a06a06b4a02a6546a4d6d2-256
Proposal 256,Supported By,0x83fcfe8ba2fece9578f0bbafed4ebf5e915045b9-256
Proposal 256,Supported By,0x86030dbbce1c771ff6622c20455cd3619aa93c05-256
Proposal 256,Supported By,0x8ac3ecf6973e020cc0e6e8989fb71b4a77d65987-256
Proposal 256,Supported By,0x8ae80e0b44205904be18869240c2ec62d2342785-256
Proposal 256,Supported By,0x8da24b480689314c6d217f2d0bad0daccc87ff44-256
Proposal 256,Supported By,0x91dccaa260cc4616e1a6e6b693db7207c5e42937-256
Proposal 256,Supported By,0x93d94557824ac07a30b5b0f44f7cb3e00f9c4191-256
Proposal 256,Supported By,0xa1c0b11b86a46885b87c7ed68b91faa0c349e1cd-256
Proposal 256,Supported By,0xa86882277e69fbf0a51805cdc8b0a3a113079e63-256
Proposal 256,Supported By,0xa903c06bf35286f6d1cdad25396748353979a44c-256
Proposal 256,Supported By,0xaa4fbd73051b151397bb369c7e2a6052a894d924-256
Proposal 256,Supported By,0xae65e700f3f8904ac1007d47a5309dd26f8146c0-256
Proposal 256,Supported By,0xaec4075e4fc8ce829bc4f0cfd5e2fa10dd2b12d1-256
Proposal 256,Opposed By,0xb1cc18a441c352d4b68f2aa41f7ae240b702ca87-256
Proposal 256,Supported By,0xb52235dc0751ce6e171c51fbf459fd6637c6ccc8-256
Proposal 256,Supported By,0xb5a497ce6b9843e5936b9da985174c0906520387-256
Proposal 256,Supported By,0xba2b9804fbffa8f1a8f7dc8dd600e21268bef09f-256
Proposal 256,Supported By,0xbc3ed6b537f2980e66f396fe14210a56ba3f72c4-256
Proposal 256,Supported By,0xbfd8cba6a1e10e1ab4fa11a0062f4e52e13d260f-256
Proposal 256,Opposed By,0xca90d43a2f3b9e9b356dd0877aced3df05296d60-256
Proposal 256,Opposed By,0xcc2688350d29623e2a0844cc8885f9050f0f6ed5-256
Proposal 256,Opposed By,0xd25973a3df7d2341ddea48303a3e6addec6184bf-256
Proposal 256,Opposed By,0xd2ef6bd0ab75fb5b38e74f69445da51d9fa8200f-256
Proposal 256,Opposed By,0xd8f4627f199bdb65a5ca842018890f9afea702a9-256
Proposal 256,Opposed By,0xda5921614a824a6cc187175750b8b3dcb4dbe67d-256
Proposal 256,Supported By,0xdb7f66f3d53a6a0ec43a49c7b6713e1bd3bd1383-256
Proposal 256,Opposed By,0xdcb4117e3a00632efcac3c169e0b23959f555e5e-256
Proposal 256,Opposed By,0xdead753f9b1eb8f2f7372e8587e7c6e342daac89-256
Proposal 256,Opposed By,0xe085327c5ad2f77147f10973fed45fb19d734f7e-256
Proposal 256,Supported By,0xe26d78c6bff297bbc2da3f80fea9a42028a4260f-256
Proposal 256,Supported By,0xe8d24be3abf6eb27b800f752a969d3c1e84fd401-256
Proposal 256,Supported By,0xeb13fddfa9b2a4a6e4e7b2d67b6e38c208c41249-256
Proposal 256,Supported By,0xeffec2d0163343c8f26983af1f6684e0b966a6b2-256
Proposal 256,Opposed By,0xf1544ba9a1ad3c8c8b507de3e1f5243c3697e367-256
Proposal 256,Opposed By,0xf6b6f07862a02c85628b3a9688beae07fea9c863-256
Proposal 256,Supported By,0xfc538ffd2923dddaed09c8ad1a51686275c56183-256
Proposal 255,Opposed By,0x0055cd5f017027d10adf4f13332181e6d8d886bb-255
Proposal 255,Opposed By,0x008c84421da5527f462886cec43d2717b686a7e4-255
Proposal 255,Opposed By,0x17a01db837345772f2e65adf2fb4f4de10ac1b72-255
Proposal 255,Opposed By,0x1d3bc1f9d3f9770453949abd619592cd7583c5ed-255
Proposal 255,Opposed By,0x1db19b9903c5510aa5a866ea643eb021cd12bda0-255
Proposal 255,Opposed By,0x1e66a3d0a6a327b1f29e8acf3a3d9e1e4e088683-255
Proposal 255,Opposed By,0x2767edfee9f5ba743511ee4187a596b302b43938-255
Proposal 255,Opposed By,0x281ec184e704ce57570614c33b3477ec7ff07243-255
Proposal 255,Opposed By,0x2a019853a00ca3af202c262076da3308f606277f-255
Proposal 255,Supported By,0x2ed22ea03fea3e5bd90f6fdd52c20c26ff6e1300-255
Proposal 255,Opposed By,0x3b60e31cfc48a9074cd5bebb26c9eaa77650a43f-255
Proposal 255,Supported By,0x44b1b486ce8d9c82f605626347a7b1f74add11de-255
Proposal 255,Supported By,0x4632a1233cbd8273a10086b4b3860d169b5c3d8b-255
Proposal 255,Opposed By,0x4754b7e3dede42d71d6c92978f25f306176ec7e9-255
Proposal 255,Opposed By,0x5606b493c51316a9e65c9b2a00bbf7ff92515a3e-255
Proposal 255,Supported By,0x696ed7b26f4b019ceec78dc8b9140ad64a6f354b-255
Proposal 255,Supported By,0x70ece45cdc64a768f936ccb8ac851578251363e3-255
Proposal 255,Opposed By,0x7de92ca2d0768cdba376aac853234d4eed8d8b5c-255
Proposal 255,Supported By,0x8ac3ecf6973e020cc0e6e8989fb71b4a77d65987-255
Proposal 255,Opposed By,0x8ae80e0b44205904be18869240c2ec62d2342785-255
Proposal 255,Opposed By,0x8da24b480689314c6d217f2d0bad0daccc87ff44-255
Proposal 255,Opposed By,0x91dccaa260cc4616e1a6e6b693db7207c5e42937-255
Proposal 255,Supported By,0x93d94557824ac07a30b5b0f44f7cb3e00f9c4191-255
Proposal 255,Opposed By,0x97a448beaa3fa6f2c65e919365a5ff1b44092b09-255
Proposal 255,Opposed By,0xa002c3a0c7eb9330c5b21cf3bec7fd1a7fa0befe-255
Proposal 255,Opposed By,0xa32d3cfd908118dce340ae6e828b260f43674f6b-255
Proposal 255,Opposed By,0xa86882277e69fbf0a51805cdc8b0a3a113079e63-255
Proposal 255,Supported By,0xa903c06bf35286f6d1cdad25396748353979a44c-255
Proposal 255,Supported By,0xb4496906d6ea2685e7a46a14baefae9fe3bf0d2f-255
Proposal 255,Opposed By,0xbc3ed6b537f2980e66f396fe14210a56ba3f72c4-255
Proposal 255,Opposed By,0xcc2688350d29623e2a0844cc8885f9050f0f6ed5-255
Proposal 255,Opposed By,0xd4c37daf283ef98c2db3e51339201d4dcd2025b9-255
Proposal 255,Supported By,0xdcb4117e3a00632efcac3c169e0b23959f555e5e-255
Proposal 255,Supported By,0xe8d24be3abf6eb27b800f752a969d3c1e84fd401-255
Proposal 255,Opposed By,0xeb13fddfa9b2a4a6e4e7b2d67b6e38c208c41249-255
Proposal 255,Supported By,0xfc538ffd2923dddaed09c8ad1a51686275c56183-255
Proposal 254,Supported By,0x0055cd5f017027d10adf4f13332181e6d8d886bb-254
Proposal 254,Supported By,0x008c84421da5527f462886cec43d2717b686a7e4-254
Proposal 254,Supported By,0x0b3cf56e7df3bb3fb7201ffcd96d279b05ddd2e3-254
Proposal 254,Supported By,0x13eef4ef8fca471f242ab0f8f49a3db6017ada33-254
Proposal 254,Supported By,0x17a01db837345772f2e65adf2fb4f4de10ac1b72-254
Proposal 254,Supported By,0x1db19b9903c5510aa5a866ea643eb021cd12bda0-254
Proposal 254,Supported By,0x1e66a3d0a6a327b1f29e8acf3a3d9e1e4e088683-254
Proposal 254,Supported By,0x2767edfee9f5ba743511ee4187a596b302b43938-254
Proposal 254,Opposed By,0x2a019853a00ca3af202c262076da3308f606277f-254
Proposal 254,Supported By,0x2ed22ea03fea3e5bd90f6fdd52c20c26ff6e1300-254
Proposal 254,Supported By,0x3b60e31cfc48a9074cd5bebb26c9eaa77650a43f-254
Proposal 254,Supported By,0x44b1b486ce8d9c82f605626347a7b1f74add11de-254
Proposal 254,Supported By,0x4575e437306d10ca7433e22796fff7dca70e6699-254
Proposal 254,Supported By,0x4754b7e3dede42d71d6c92978f25f306176ec7e9-254
Proposal 254,Supported By,0x5606b493c51316a9e65c9b2a00bbf7ff92515a3e-254
Proposal 254,Supported By,0x696ed7b26f4b019ceec78dc8b9140ad64a6f354b-254
Proposal 254,Supported By,0x70ece45cdc64a768f936ccb8ac851578251363e3-254
Proposal 254,Supported By,0x7f64c6e6908de72221a06a06b4a02a6546a4d6d2-254
Proposal 254,Supported By,0x83fcfe8ba2fece9578f0bbafed4ebf5e915045b9-254
Proposal 254,Supported By,0x86030dbbce1c771ff6622c20455cd3619aa93c05-254
Proposal 254,Supported By,0x8ac3ecf6973e020cc0e6e8989fb71b4a77d65987-254
Proposal 254,Supported By,0x8ae80e0b44205904be18869240c2ec62d2342785-254
Proposal 254,Supported By,0x8da24b480689314c6d217f2d0bad0daccc87ff44-254
Proposal 254,Supported By,0x91dccaa260cc4616e1a6e6b693db7207c5e42937-254
Proposal 254,Supported By,0x93d94557824ac07a30b5b0f44f7cb3e00f9c4191-254
Proposal 254,Supported By,0xa002c3a0c7eb9330c5b21cf3bec7fd1a7fa0befe-254
Proposal 254,Supported By,0xa86882277e69fbf0a51805cdc8b0a3a113079e63-254
Proposal 254,Supported By,0xa903c06bf35286f6d1cdad25396748353979a44c-254
Proposal 254,Supported By,0xb4496906d6ea2685e7a46a14baefae9fe3bf0d2f-254
Proposal 254,Supported By,0xb5a497ce6b9843e5936b9da985174c0906520387-254
Proposal 254,Supported By,0xba2b9804fbffa8f1a8f7dc8dd600e21268bef09f-254
Proposal 254,Supported By,0xbc3ed6b537f2980e66f396fe14210a56ba3f72c4-254
Proposal 254,Supported By,0xbf06f54bd76eedd2795127592d64f97a9d9751d7-254
Proposal 254,Supported By,0xcc2688350d29623e2a0844cc8885f9050f0f6ed5-254
Proposal 254,Supported By,0xdcb4117e3a00632efcac3c169e0b23959f555e5e-254
Proposal 254,Supported By,0xdcf0cea092464d1b9cc16fee9fbb5953846a916e-254
Proposal 254,Supported By,0xdead753f9b1eb8f2f7372e8587e7c6e342daac89-254
Proposal 254,Supported By,0xe085327c5ad2f77147f10973fed45fb19d734f7e-254
Proposal 254,Supported By,0xe8d24be3abf6eb27b800f752a969d3c1e84fd401-254
Proposal 254,Supported By,0xeb13fddfa9b2a4a6e4e7b2d67b6e38c208c41249-254
Proposal 254,Supported By,0xfc538ffd2923dddaed09c8ad1a51686275c56183-254
Proposal 253,Supported By,0x0055cd5f017027d10adf4f13332181e6d8d886bb-253
Proposal 253,Opposed By,0x008c84421da5527f462886cec43d2717b686a7e4-253
Proposal 253,Supported By,0x0b3cf56e7df3bb3fb7201ffcd96d279b05ddd2e3-253
Proposal 253,Supported By,0x1db19b9903c5510aa5a866ea643eb021cd12bda0-253
Proposal 253,Opposed By,0x1e66a3d0a6a327b1f29e8acf3a3d9e1e4e088683-253
Proposal 253,Supported By,0x2767edfee9f5ba743511ee4187a596b302b43938-253
Proposal 253,Opposed By,0x2a019853a00ca3af202c262076da3308f606277f-253
Proposal 253,Supported By,0x2ed22ea03fea3e5bd90f6fdd52c20c26ff6e1300-253
Proposal 253,Supported By,0x3b60e31cfc48a9074cd5bebb26c9eaa77650a43f-253
Proposal 253,Supported By,0x43e3ab994070db606042e8deffd146300cb52919-253
Proposal 253,Supported By,0x44b1b486ce8d9c82f605626347a7b1f74add11de-253
Proposal 253,Supported By,0x4575e437306d10ca7433e22796fff7dca70e6699-253
Proposal 253,Opposed By,0x4754b7e3dede42d71d6c92978f25f306176ec7e9-253
Proposal 253,Opposed By,0x5606b493c51316a9e65c9b2a00bbf7ff92515a3e-253
Proposal 253,Supported By,0x696ed7b26f4b019ceec78dc8b9140ad64a6f354b-253
Proposal 253,Supported By,0x70ece45cdc64a768f936ccb8ac851578251363e3-253
Proposal 253,Opposed By,0x7de92ca2d0768cdba376aac853234d4eed8d8b5c-253
Proposal 253,Supported By,0x83fcfe8ba2fece9578f0bbafed4ebf5e915045b9-253
Proposal 253,Supported By,0x86030dbbce1c771ff6622c20455cd3619aa93c05-253
Proposal 253,Opposed By,0x8ac3ecf6973e020cc0e6e8989fb71b4a77d65987-253
Proposal 253,Opposed By,0x8ae80e0b44205904be18869240c2ec62d2342785-253
Proposal 253,Opposed By,0x8da24b480689314c6d217f2d0bad0daccc87ff44-253
Proposal 253,Supported By,0x91dccaa260cc4616e1a6e6b693db7207c5e42937-253
Proposal 253,Supported By,0x93d94557824ac07a30b5b0f44f7cb3e00f9c4191-253
Proposal 253,Opposed By,0xa002c3a0c7eb9330c5b21cf3bec7fd1a7fa0befe-253
Proposal 253,Supported By,0xa86882277e69fbf0a51805cdc8b0a3a113079e63-253
Proposal 253,Supported By,0xa903c06bf35286f6d1cdad25396748353979a44c-253
Proposal 253,Supported By,0xae65e700f3f8904ac1007d47a5309dd26f8146c0-253
Proposal 253,Supported By,0xb4496906d6ea2685e7a46a14baefae9fe3bf0d2f-253
Proposal 253,Supported By,0xb5a497ce6b9843e5936b9da985174c0906520387-253
Proposal 253,Supported By,0xba2b9804fbffa8f1a8f7dc8dd600e21268bef09f-253
Proposal 253,Supported By,0xbf06f54bd76eedd2795127592d64f97a9d9751d7-253
Proposal 253,Supported By,0xcc2688350d29623e2a0844cc8885f9050f0f6ed5-253
Proposal 253,Supported By,0xdcb4117e3a00632efcac3c169e0b23959f555e5e-253
Proposal 253,Supported By,0xe8d24be3abf6eb27b800f752a969d3c1e84fd401-253
Proposal 253,Opposed By,0xeb13fddfa9b2a4a6e4e7b2d67b6e38c208c41249-253
Proposal 253,Supported By,0xfc538ffd2923dddaed09c8ad1a51686275c56183-253
Proposal 252,Opposed By,0x0b3cf56e7df3bb3fb7201ffcd96d279b05ddd2e3-252
Proposal 252,Opposed By,0x44b1b486ce8d9c82f605626347a7b1f74add11de-252
Proposal 252,Opposed By,0x4754b7e3dede42d71d6c92978f25f306176ec7e9-252
Proposal 252,Opposed By,0x5606b493c51316a9e65c9b2a00bbf7ff92515a3e-252
Proposal 252,Supported By,0x5e876c81b1a6e341896120fc40478be6b906539f-252
Proposal 252,Opposed By,0x70ece45cdc64a768f936ccb8ac851578251363e3-252
Proposal 252,Opposed By,0x86030dbbce1c771ff6622c20455cd3619aa93c05-252
Proposal 252,Opposed By,0x8ac3ecf6973e020cc0e6e8989fb71b4a77d65987-252
Proposal 252,Opposed By,0x8da24b480689314c6d217f2d0bad0daccc87ff44-252
Proposal 252,Opposed By,0xa86882277e69fbf0a51805cdc8b0a3a113079e63-252
Proposal 252,Opposed By,0xba2b9804fbffa8f1a8f7dc8dd600e21268bef09f-252
Proposal 252,Opposed By,0xeb13fddfa9b2a4a6e4e7b2d67b6e38c208c41249-252
Proposal 251,Supported By,0x008c84421da5527f462886cec43d2717b686a7e4-251
Proposal 251,Supported By,0x0b3cf56e7df3bb3fb7201ffcd96d279b05ddd2e3-251
Proposal 251,Supported By,0x0c66d954d9cb1ebdf4e37a000262323c83655e70-251
Proposal 251,Supported By,0x13eef4ef8fca471f242ab0f8f49a3db6017ada33-251
Proposal 251,Supported By,0x1db19b9903c5510aa5a866ea643eb021cd12bda0-251
Proposal 251,Supported By,0x1e66a3d0a6a327b1f29e8acf3a3d9e1e4e088683-251
Proposal 251,Opposed By,0x2a019853a00ca3af202c262076da3308f606277f-251
Proposal 251,Supported By,0x2ed22ea03fea3e5bd90f6fdd52c20c26ff6e1300-251
Proposal 251,Supported By,0x3b60e31cfc48a9074cd5bebb26c9eaa77650a43f-251
Proposal 251,Supported By,0x43e3ab994070db606042e8deffd146300cb52919-251
Proposal 251,Supported By,0x44b1b486ce8d9c82f605626347a7b1f74add11de-251
Proposal 251,Opposed By,0x4754b7e3dede42d71d6c92978f25f306176ec7e9-251
Proposal 251,Opposed By,0x5606b493c51316a9e65c9b2a00bbf7ff92515a3e-251
Proposal 251,Supported By,0x696ed7b26f4b019ceec78dc8b9140ad64a6f354b-251
Proposal 251,Supported By,0x7f64c6e6908de72221a06a06b4a02a6546a4d6d2-251
Proposal 251,Supported By,0x8ac3ecf6973e020cc0e6e8989fb71b4a77d65987-251
Proposal 251,Supported By,0x8ae80e0b44205904be18869240c2ec62d2342785-251
Proposal 251,Supported By,0x8da24b480689314c6d217f2d0bad0daccc87ff44-251
Proposal 251,Supported By,0x91dccaa260cc4616e1a6e6b693db7207c5e42937-251
Proposal 251,Supported By,0x93d94557824ac07a30b5b0f44f7cb3e00f9c4191-251
Proposal 251,Supported By,0xa86882277e69fbf0a51805cdc8b0a3a113079e63-251
Proposal 251,Supported By,0xa903c06bf35286f6d1cdad25396748353979a44c-251
Proposal 251,Supported By,0xae65e700f3f8904ac1007d47a5309dd26f8146c0-251
Proposal 251,Supported By,0xb4496906d6ea2685e7a46a14baefae9fe3bf0d2f-251
Proposal 251,Supported By,0xb52235dc0751ce6e171c51fbf459fd6637c6ccc8-251
Proposal 251,Supported By,0xb5a497ce6b9843e5936b9da985174c0906520387-251
Proposal 251,Supported By,0xba2b9804fbffa8f1a8f7dc8dd600e21268bef09f-251
Proposal 251,Supported By,0xbc3ed6b537f2980e66f396fe14210a56ba3f72c4-251
Proposal 251,Supported By,0xcc2688350d29623e2a0844cc8885f9050f0f6ed5-251
Proposal 251,Opposed By,0xdcb4117e3a00632efcac3c169e0b23959f555e5e-251
Proposal 251,Supported By,0xe085327c5ad2f77147f10973fed45fb19d734f7e-251
Proposal 251,Supported By,0xe8d24be3abf6eb27b800f752a969d3c1e84fd401-251
Proposal 251,Supported By,0xeb13fddfa9b2a4a6e4e7b2d67b6e38c208c41249-251
Proposal 251,Supported By,0xfc538ffd2923dddaed09c8ad1a51686275c56183-251
Proposal 250,Supported By,0x0055cd5f017027d10adf4f13332181e6d8d886bb-250
Proposal 250,Supported By,0x008c84421da5527f462886cec43d2717b686a7e4-250
Proposal 250,Supported By,0x0b3cf56e7df3bb3fb7201ffcd96d279b05ddd2e3-250
Proposal 250,Supported By,0x13eef4ef8fca471f242ab0f8f49a3db6017ada33-250
Proposal 250,Supported By,0x141b63d93daf55bfb7f396eee6114f3a5d4a90b2-250
Proposal 250,Supported By,0x17a01db837345772f2e65adf2fb4f4de10ac1b72-250
Proposal 250,Supported By,0x1db19b9903c5510aa5a866ea643eb021cd12bda0-250
Proposal 250,Supported By,0x1e66a3d0a6a327b1f29e8acf3a3d9e1e4e088683-250
Proposal 250,Supported By,0x2ed22ea03fea3e5bd90f6fdd52c20c26ff6e1300-250
Proposal 250,Supported By,0x36a5bc205df1ed65c86301022cfc343a6ce546ff-250
Proposal 250,Supported By,0x3b60e31cfc48a9074cd5bebb26c9eaa77650a43f-250
Proposal 250,Opposed By,0x43e3ab994070db606042e8deffd146300cb52919-250
Proposal 250,Supported By,0x44b1b486ce8d9c82f605626347a7b1f74add11de-250
Proposal 250,Supported By,0x4754b7e3dede42d71d6c92978f25f306176ec7e9-250
Proposal 250,Supported By,0x5606b493c51316a9e65c9b2a00bbf7ff92515a3e-250
Proposal 250,Supported By,0x5fc3afaeef0ff1149cee3bd80c1b20de629df880-250
Proposal 250,Supported By,0x6f9e3976fa3b5b22761fe5d635e1f0d9d9aeb85d-250
Proposal 250,Supported By,0x70ece45cdc64a768f936ccb8ac851578251363e3-250
Proposal 250,Supported By,0x7f64c6e6908de72221a06a06b4a02a6546a4d6d2-250
Proposal 250,Supported By,0x86030dbbce1c771ff6622c20455cd3619aa93c05-250
Proposal 250,Opposed By,0x8ac3ecf6973e020cc0e6e8989fb71b4a77d65987-250
Proposal 250,Opposed By,0x8ae80e0b44205904be18869240c2ec62d2342785-250
Proposal 250,Supported By,0x8da24b480689314c6d217f2d0bad0daccc87ff44-250
Proposal 250,Supported By,0x91dccaa260cc4616e1a6e6b693db7207c5e42937-250
Proposal 250,Supported By,0x93d94557824ac07a30b5b0f44f7cb3e00f9c4191-250
Proposal 250,Supported By,0xa1c0b11b86a46885b87c7ed68b91faa0c349e1cd-250
Proposal 250,Supported By,0xa86882277e69fbf0a51805cdc8b0a3a113079e63-250
Proposal 250,Supported By,0xa903c06bf35286f6d1cdad25396748353979a44c-250
Proposal 250,Supported By,0xae65e700f3f8904ac1007d47a5309dd26f8146c0-250
Proposal 250,Supported By,0xaec4075e4fc8ce829bc4f0cfd5e2fa10dd2b12d1-250
Proposal 250,Supported By,0xb4496906d6ea2685e7a46a14baefae9fe3bf0d2f-250
Proposal 250,Supported By,0xb52235dc0751ce6e171c51fbf459fd6637c6ccc8-250
Proposal 250,Supported By,0xb877f7bb52d28f06e60f557c00a56225124b357f-250
Proposal 250,Supported By,0xba2b9804fbffa8f1a8f7dc8dd600e21268bef09f-250
Proposal 250,Supported By,0xbc3ed6b537f2980e66f396fe14210a56ba3f72c4-250
Proposal 250,Supported By,0xca90d43a2f3b9e9b356dd0877aced3df05296d60-250
Proposal 250,Opposed By,0xcc2688350d29623e2a0844cc8885f9050f0f6ed5-250
Proposal 250,Supported By,0xdcb4117e3a00632efcac3c169e0b23959f555e5e-250
Proposal 250,Supported By,0xdead753f9b1eb8f2f7372e8587e7c6e342daac89-250
Proposal 250,Supported By,0xe085327c5ad2f77147f10973fed45fb19d734f7e-250
Proposal 250,Supported By,0xe8d24be3abf6eb27b800f752a969d3c1e84fd401-250
Proposal 250,Supported By,0xeb13fddfa9b2a4a6e4e7b2d67b6e38c208c41249-250
Proposal 250,Supported By,0xf6b6f07862a02c85628b3a9688beae07fea9c863-250
Proposal 250,Supported By,0xf8a065f287d91d77cd626af38ffa220d9b552a2b-250
Proposal 250,Supported By,0xfc538ffd2923dddaed09c8ad1a51686275c56183-250
Proposal 249,Supported By,0x0055cd5f017027d10adf4f13332181e6d8d886bb-249
Proposal 249,Supported By,0x008c84421da5527f462886cec43d2717b686a7e4-249
Proposal 249,Supported By,0x00cda37bfc3dd20349aa901fe8646688218d8772-249
Proposal 249,Supported By,0x0b3cf56e7df3bb3fb7201ffcd96d279b05ddd2e3-249
Proposal 249,Supported By,0x13eef4ef8fca471f242ab0f8f49a3db6017ada33-249
Proposal 249,Supported By,0x141b63d93daf55bfb7f396eee6114f3a5d4a90b2-249
Proposal 249,Supported By,0x17a01db837345772f2e65adf2fb4f4de10ac1b72-249
Proposal 249,Supported By,0x19cc9d48f2032f3ec8d6f60ea84979169a848231-249
Proposal 249,Supported By,0x1db19b9903c5510aa5a866ea643eb021cd12bda0-249
Proposal 249,Supported By,0x1e66a3d0a6a327b1f29e8acf3a3d9e1e4e088683-249
Proposal 249,Supported By,0x2767edfee9f5ba743511ee4187a596b302b43938-249
Proposal 249,Opposed By,0x2ed22ea03fea3e5bd90f6fdd52c20c26ff6e1300-249
Proposal 249,Supported By,0x31a50fd42b910c635e4d25b63b7b90fad1451695-249
Proposal 249,Opposed By,0x3496f3600070cc01d9665d1057f6f39afc0fe149-249
Proposal 249,Supported By,0x3b60e31cfc48a9074cd5bebb26c9eaa77650a43f-249
Proposal 249,Supported By,0x43e3ab994070db606042e8deffd146300cb52919-249
Proposal 249,Supported By,0x5e876c81b1a6e341896120fc40478be6b906539f-249
Proposal 249,Supported By,0x696ed7b26f4b019ceec78dc8b9140ad64a6f354b-249
Proposal 249,Supported By,0x6f9e3976fa3b5b22761fe5d635e1f0d9d9aeb85d-249
Proposal 249,Supported By,0x70ece45cdc64a768f936ccb8ac851578251363e3-249
Proposal 249,Supported By,0x7f64c6e6908de72221a06a06b4a02a6546a4d6d2-249
Proposal 249,Supported By,0x83fcfe8ba2fece9578f0bbafed4ebf5e915045b9-249
Proposal 249,Supported By,0x86030dbbce1c771ff6622c20455cd3619aa93c05-249
Proposal 249,Supported By,0x88f09bdc8e99272588242a808052eb32702f88d0-249
Proposal 249,Supported By,0x8ac3ecf6973e020cc0e6e8989fb71b4a77d65987-249
Proposal 249,Supported By,0x8ae80e0b44205904be18869240c2ec62d2342785-249
Proposal 249,Supported By,0x8da24b480689314c6d217f2d0bad0daccc87ff44-249
Proposal 249,Supported By,0x91dccaa260cc4616e1a6e6b693db7207c5e42937-249
Proposal 249,Supported By,0x93d94557824ac07a30b5b0f44f7cb3e00f9c4191-249
Proposal 249,Supported By,0x9d4162ca2f01583e2f34cb594e8cf198ace99dd3-249
Proposal 249,Supported By,0xa86882277e69fbf0a51805cdc8b0a3a113079e63-249
Proposal 249,Supported By,0xa903c06bf35286f6d1cdad25396748353979a44c-249
Proposal 249,Supported By,0xadfbcde3352965c23dfb79e8bdf92bd43dc20468-249
Proposal 249,Supported By,0xae65e700f3f8904ac1007d47a5309dd26f8146c0-249
Proposal 249,Supported By,0xb4496906d6ea2685e7a46a14baefae9fe3bf0d2f-249
Proposal 249,Supported By,0xba2b9804fbffa8f1a8f7dc8dd600e21268bef09f-249
Proposal 249,Supported By,0xbc3ed6b537f2980e66f396fe14210a56ba3f72c4-249
Proposal 249,Supported By,0xc6f6c89f7f297b5230d2fd028ac06f0677c1857b-249
Proposal 249,Supported By,0xca90d43a2f3b9e9b356dd0877aced3df05296d60-249
Proposal 249,Supported By,0xcc2688350d29623e2a0844cc8885f9050f0f6ed5-249
Proposal 249,Supported By,0xdcb4117e3a00632efcac3c169e0b23959f555e5e-249
Proposal 249,Supported By,0xe085327c5ad2f77147f10973fed45fb19d734f7e-249
Proposal 249,Supported By,0xe26d78c6bff297bbc2da3f80fea9a42028a4260f-249
Proposal 249,Supported By,0xeb13fddfa9b2a4a6e4e7b2d67b6e38c208c41249-249
Proposal 249,Supported By,0xf2e7fd6c7ac39165a428245f15da6487ce04270a-249
Proposal 249,Supported By,0xfc538ffd2923dddaed09c8ad1a51686275c56183-249
Proposal 248,Opposed By,0x0055cd5f017027d10adf4f13332181e6d8d886bb-248
Proposal 248,Opposed By,0x008c84421da5527f462886cec43d2717b686a7e4-248
Proposal 248,Opposed By,0x00cda37bfc3dd20349aa901fe8646688218d8772-248
Proposal 248,Supported By,0x046c54a8c88397c9b222b979f7b6efe9077f4bde-248
Proposal 248,Opposed By,0x0b3cf56e7df3bb3fb7201ffcd96d279b05ddd2e3-248
Proposal 248,Opposed By,0x0c66d954d9cb1ebdf4e37a000262323c83655e70-248
Proposal 248,Opposed By,0x17a01db837345772f2e65adf2fb4f4de10ac1b72-248
Proposal 248,Supported By,0x19cc9d48f2032f3ec8d6f60ea84979169a848231-248
Proposal 248,Opposed By,0x1db19b9903c5510aa5a866ea643eb021cd12bda0-248
Proposal 248,Opposed By,0x1e66a3d0a6a327b1f29e8acf3a3d9e1e4e088683-248
Proposal 248,Opposed By,0x2767edfee9f5ba743511ee4187a596b302b43938-248
Proposal 248,Opposed By,0x2a019853a00ca3af202c262076da3308f606277f-248
Proposal 248,Opposed By,0x2ed22ea03fea3e5bd90f6fdd52c20c26ff6e1300-248
Proposal 248,Opposed By,0x31a50fd42b910c635e4d25b63b7b90fad1451695-248
Proposal 248,Opposed By,0x3496f3600070cc01d9665d1057f6f39afc0fe149-248
Proposal 248,Opposed By,0x3b60e31cfc48a9074cd5bebb26c9eaa77650a43f-248
Proposal 248,Opposed By,0x43e3ab994070db606042e8deffd146300cb52919-248
Proposal 248,Opposed By,0x5e876c81b1a6e341896120fc40478be6b906539f-248
Proposal 248,Supported By,0x696ed7b26f4b019ceec78dc8b9140ad64a6f354b-248
Proposal 248,Opposed By,0x6f9e3976fa3b5b22761fe5d635e1f0d9d9aeb85d-248
Proposal 248,Opposed By,0x70ece45cdc64a768f936ccb8ac851578251363e3-248
Proposal 248,Supported By,0x79f08f2e75a8c99428de4a2e6456c07c99e55da5-248
Proposal 248,Opposed By,0x7c1282a7621f0e2f6169e151628552a8b8a57b2d-248
Proposal 248,Opposed By,0x7f64c6e6908de72221a06a06b4a02a6546a4d6d2-248
Proposal 248,Opposed By,0x83fcfe8ba2fece9578f0bbafed4ebf5e915045b9-248
Proposal 248,Opposed By,0x86030dbbce1c771ff6622c20455cd3619aa93c05-248
Proposal 248,Opposed By,0x8ac3ecf6973e020cc0e6e8989fb71b4a77d65987-248
Proposal 248,Opposed By,0x8ae80e0b44205904be18869240c2ec62d2342785-248
Proposal 248,Opposed By,0x8da24b480689314c6d217f2d0bad0daccc87ff44-248
Proposal 248,Opposed By,0x91dccaa260cc4616e1a6e6b693db7207c5e42937-248
Proposal 248,Opposed By,0x93d94557824ac07a30b5b0f44f7cb3e00f9c4191-248
Proposal 248,Opposed By,0x9979d204e93229c4355431dfb520e608c81bbd0c-248
Proposal 248,Opposed By,0x9d4162ca2f01583e2f34cb594e8cf198ace99dd3-248
Proposal 248,Opposed By,0xa002c3a0c7eb9330c5b21cf3bec7fd1a7fa0befe-248
Proposal 248,Opposed By,0xa1c0b11b86a46885b87c7ed68b91faa0c349e1cd-248
Proposal 248,Opposed By,0xa2e41625416d46302e7352f56f8de92aadb6e886-248
Proposal 248,Opposed By,0xa86882277e69fbf0a51805cdc8b0a3a113079e63-248
Proposal 248,Opposed By,0xa903c06bf35286f6d1cdad25396748353979a44c-248
Proposal 248,Supported By,0xadfbcde3352965c23dfb79e8bdf92bd43dc20468-248
Proposal 248,Opposed By,0xae65e700f3f8904ac1007d47a5309dd26f8146c0-248
Proposal 248,Opposed By,0xb4496906d6ea2685e7a46a14baefae9fe3bf0d2f-248
Proposal 248,Opposed By,0xb5a497ce6b9843e5936b9da985174c0906520387-248
Proposal 248,Opposed By,0xba2b9804fbffa8f1a8f7dc8dd600e21268bef09f-248
Proposal 248,Opposed By,0xbc3ed6b537f2980e66f396fe14210a56ba3f72c4-248
Proposal 248,Opposed By,0xc6f6c89f7f297b5230d2fd028ac06f0677c1857b-248
Proposal 248,Opposed By,0xcc2688350d29623e2a0844cc8885f9050f0f6ed5-248
Proposal 248,Opposed By,0xdcb4117e3a00632efcac3c169e0b23959f555e5e-248
Proposal 248,Opposed By,0xe085327c5ad2f77147f10973fed45fb19d734f7e-248
Proposal 248,Opposed By,0xe26d78c6bff297bbc2da3f80fea9a42028a4260f-248
Proposal 248,Opposed By,0xeb13fddfa9b2a4a6e4e7b2d67b6e38c208c41249-248
Proposal 248,Opposed By,0xeffec2d0163343c8f26983af1f6684e0b966a6b2-248
Proposal 248,Opposed By,0xf2e7fd6c7ac39165a428245f15da6487ce04270a-248
Proposal 248,Opposed By,0xfc538ffd2923dddaed09c8ad1a51686275c56183-248
Proposal 246,Opposed By,0x4754b7e3dede42d71d6c92978f25f306176ec7e9-246
Proposal 246,Supported By,0x538c4f2afa012911851dadf0655cb61377e7a8eb-246
Proposal 246,Opposed By,0x5606b493c51316a9e65c9b2a00bbf7ff92515a3e-246
Proposal 246,Opposed By,0x8ac3ecf6973e020cc0e6e8989fb71b4a77d65987-246
Proposal 245,Supported By,0x0055cd5f017027d10adf4f13332181e6d8d886bb-245
Proposal 245,Supported By,0x008c84421da5527f462886cec43d2717b686a7e4-245
Proposal 245,Supported By,0x13eef4ef8fca471f242ab0f8f49a3db6017ada33-245
Proposal 245,Supported By,0x1d3bc1f9d3f9770453949abd619592cd7583c5ed-245
Proposal 245,Supported By,0x1db19b9903c5510aa5a866ea643eb021cd12bda0-245
Proposal 245,Supported By,0x1e66a3d0a6a327b1f29e8acf3a3d9e1e4e088683-245
Proposal 245,Supported By,0x2767edfee9f5ba743511ee4187a596b302b43938-245
Proposal 245,Opposed By,0x2a019853a00ca3af202c262076da3308f606277f-245
Proposal 245,Supported By,0x2ed22ea03fea3e5bd90f6fdd52c20c26ff6e1300-245
Proposal 245,Supported By,0x3496f3600070cc01d9665d1057f6f39afc0fe149-245
Proposal 245,Supported By,0x3b60e31cfc48a9074cd5bebb26c9eaa77650a43f-245
Proposal 245,Opposed By,0x43e3ab994070db606042e8deffd146300cb52919-245
Proposal 245,Supported By,0x44b1b486ce8d9c82f605626347a7b1f74add11de-245
Proposal 245,Supported By,0x4754b7e3dede42d71d6c92978f25f306176ec7e9-245
Proposal 245,Supported By,0x5606b493c51316a9e65c9b2a00bbf7ff92515a3e-245
Proposal 245,Supported By,0x5e876c81b1a6e341896120fc40478be6b906539f-245
Proposal 245,Supported By,0x696ed7b26f4b019ceec78dc8b9140ad64a6f354b-245
Proposal 245,Opposed By,0x70ece45cdc64a768f936ccb8ac851578251363e3-245
Proposal 245,Supported By,0x79f08f2e75a8c99428de4a2e6456c07c99e55da5-245
Proposal 245,Supported By,0x7d81478ad18ad375e53de6f74f3122f6be3499ca-245
Proposal 245,Supported By,0x7f64c6e6908de72221a06a06b4a02a6546a4d6d2-245
Proposal 245,Supported By,0x83fcfe8ba2fece9578f0bbafed4ebf5e915045b9-245
Proposal 245,Supported By,0x86030dbbce1c771ff6622c20455cd3619aa93c05-245
Proposal 245,Supported By,0x8ac3ecf6973e020cc0e6e8989fb71b4a77d65987-245
Proposal 245,Supported By,0x8ae80e0b44205904be18869240c2ec62d2342785-245
Proposal 245,Supported By,0x8da24b480689314c6d217f2d0bad0daccc87ff44-245
Proposal 245,Supported By,0x93d94557824ac07a30b5b0f44f7cb3e00f9c4191-245
Proposal 245,Supported By,0xa002c3a0c7eb9330c5b21cf3bec7fd1a7fa0befe-245
Proposal 245,Supported By,0xa86882277e69fbf0a51805cdc8b0a3a113079e63-245
Proposal 245,Supported By,0xa903c06bf35286f6d1cdad25396748353979a44c-245
Proposal 245,Supported By,0xae65e700f3f8904ac1007d47a5309dd26f8146c0-245
Proposal 245,Supported By,0xaec4075e4fc8ce829bc4f0cfd5e2fa10dd2b12d1-245
Proposal 245,Supported By,0xb4496906d6ea2685e7a46a14baefae9fe3bf0d2f-245
Proposal 245,Supported By,0xba2b9804fbffa8f1a8f7dc8dd600e21268bef09f-245
Proposal 245,Supported By,0xbc3ed6b537f2980e66f396fe14210a56ba3f72c4-245
Proposal 245,Supported By,0xbd7dbab9aeb52d6c8d0e80fcebde3af4cc86204a-245
Proposal 245,Supported By,0xcc2688350d29623e2a0844cc8885f9050f0f6ed5-245
Proposal 245,Supported By,0xdcb4117e3a00632efcac3c169e0b23959f555e5e-245
Proposal 245,Supported By,0xdead753f9b1eb8f2f7372e8587e7c6e342daac89-245
Proposal 245,Supported By,0xe085327c5ad2f77147f10973fed45fb19d734f7e-245
Proposal 245,Supported By,0xe1e959800a8ec49eacc0d9f953d917d425163088-245
Proposal 245,Supported By,0xe26d78c6bff297bbc2da3f80fea9a42028a4260f-245
Proposal 245,Supported By,0xe70db832cead4bd1505bf73545cc089b4688c1cc-245
Proposal 245,Supported By,0xeb13fddfa9b2a4a6e4e7b2d67b6e38c208c41249-245
Proposal 245,Supported By,0xfc538ffd2923dddaed09c8ad1a51686275c56183-245
Proposal 244,Supported By,0x0055cd5f017027d10adf4f13332181e6d8d886bb-244
Proposal 244,Supported By,0x008c84421da5527f462886cec43d2717b686a7e4-244
Proposal 244,Supported By,0x13eef4ef8fca471f242ab0f8f49a3db6017ada33-244
Proposal 244,Supported By,0x19cc9d48f2032f3ec8d6f60ea84979169a848231-244
Proposal 244,Supported By,0x1d3bc1f9d3f9770453949abd619592cd7583c5ed-244
Proposal 244,Supported By,0x1db19b9903c5510aa5a866ea643eb021cd12bda0-244
Proposal 244,Supported By,0x1e66a3d0a6a327b1f29e8acf3a3d9e1e4e088683-244
Proposal 244,Supported By,0x2767edfee9f5ba743511ee4187a596b302b43938-244
Proposal 244,Opposed By,0x2a019853a00ca3af202c262076da3308f606277f-244
Proposal 244,Supported By,0x2ed22ea03fea3e5bd90f6fdd52c20c26ff6e1300-244
Proposal 244,Opposed By,0x3496f3600070cc01d9665d1057f6f39afc0fe149-244
Proposal 244,Supported By,0x3b60e31cfc48a9074cd5bebb26c9eaa77650a43f-244
Proposal 244,Opposed By,0x43e3ab994070db606042e8deffd146300cb52919-244
Proposal 244,Opposed By,0x44b1b486ce8d9c82f605626347a7b1f74add11de-244
Proposal 244,Supported By,0x4754b7e3dede42d71d6c92978f25f306176ec7e9-244
Proposal 244,Supported By,0x538c4f2afa012911851dadf0655cb61377e7a8eb-244
Proposal 244,Supported By,0x5606b493c51316a9e65c9b2a00bbf7ff92515a3e-244
Proposal 244,Supported By,0x5e876c81b1a6e341896120fc40478be6b906539f-244
Proposal 244,Supported By,0x5fc3afaeef0ff1149cee3bd80c1b20de629df880-244
Proposal 244,Supported By,0x696ed7b26f4b019ceec78dc8b9140ad64a6f354b-244
Proposal 244,Supported By,0x70ece45cdc64a768f936ccb8ac851578251363e3-244
Proposal 244,Supported By,0x79f08f2e75a8c99428de4a2e6456c07c99e55da5-244
Proposal 244,Opposed By,0x7d81478ad18ad375e53de6f74f3122f6be3499ca-244
Proposal 244,Opposed By,0x7f64c6e6908de72221a06a06b4a02a6546a4d6d2-244
Proposal 244,Supported By,0x86030dbbce1c771ff6622c20455cd3619aa93c05-244
Proposal 244,Supported By,0x8ac3ecf6973e020cc0e6e8989fb71b4a77d65987-244
Proposal 244,Supported By,0x8ae80e0b44205904be18869240c2ec62d2342785-244
Proposal 244,Supported By,0x93d94557824ac07a30b5b0f44f7cb3e00f9c4191-244
Proposal 244,Supported By,0xa002c3a0c7eb9330c5b21cf3bec7fd1a7fa0befe-244
Proposal 244,Supported By,0xa4e232fceedb3f43c8e707f8cf20b6bcf30f10e1-244
Proposal 244,Opposed By,0xa86882277e69fbf0a51805cdc8b0a3a113079e63-244
Proposal 244,Supported By,0xa903c06bf35286f6d1cdad25396748353979a44c-244
Proposal 244,Supported By,0xae65e700f3f8904ac1007d47a5309dd26f8146c0-244
Proposal 244,Supported By,0xb4496906d6ea2685e7a46a14baefae9fe3bf0d2f-244
Proposal 244,Opposed By,0xba2b9804fbffa8f1a8f7dc8dd600e21268bef09f-244
Proposal 244,Supported By,0xbc3ed6b537f2980e66f396fe14210a56ba3f72c4-244
Proposal 244,Supported By,0xbd7dbab9aeb52d6c8d0e80fcebde3af4cc86204a-244
Proposal 244,Supported By,0xcc2688350d29623e2a0844cc8885f9050f0f6ed5-244
Proposal 244,Supported By,0xdcb4117e3a00632efcac3c169e0b23959f555e5e-244
Proposal 244,Opposed By,0xdead753f9b1eb8f2f7372e8587e7c6e342daac89-244
Proposal 244,Supported By,0xe085327c5ad2f77147f10973fed45fb19d734f7e-244
Proposal 244,Opposed By,0xe26d78c6bff297bbc2da3f80fea9a42028a4260f-244
Proposal 244,Supported By,0xeb13fddfa9b2a4a6e4e7b2d67b6e38c208c41249-244
Proposal 244,Supported By,0xeffec2d0163343c8f26983af1f6684e0b966a6b2-244
Proposal 244,Supported By,0xf2e7fd6c7ac39165a428245f15da6487ce04270a-244
Proposal 244,Supported By,0xfc538ffd2923dddaed09c8ad1a51686275c56183-244
Proposal 242,Supported By,0x0055cd5f017027d10adf4f13332181e6d8d886bb-242
Proposal 242,Supported By,0x008c84421da5527f462886cec43d2717b686a7e4-242
Proposal 242,Supported By,0x13eef4ef8fca471f242ab0f8f49a3db6017ada33-242
Proposal 242,Supported By,0x19cc9d48f2032f3ec8d6f60ea84979169a848231-242
Proposal 242,Supported By,0x1db19b9903c5510aa5a866ea643eb021cd12bda0-242
Proposal 242,Supported By,0x1e66a3d0a6a327b1f29e8acf3a3d9e1e4e088683-242
Proposal 242,Opposed By,0x2a019853a00ca3af202c262076da3308f606277f-242
Proposal 242,Supported By,0x2ed22ea03fea3e5bd90f6fdd52c20c26ff6e1300-242
Proposal 242,Supported By,0x3b60e31cfc48a9074cd5bebb26c9eaa77650a43f-242
Proposal 242,Supported By,0x43e3ab994070db606042e8deffd146300cb52919-242
Proposal 242,Supported By,0x44b1b486ce8d9c82f605626347a7b1f74add11de-242
Proposal 242,Opposed By,0x4754b7e3dede42d71d6c92978f25f306176ec7e9-242
Proposal 242,Opposed By,0x5606b493c51316a9e65c9b2a00bbf7ff92515a3e-242
Proposal 242,Supported By,0x5e876c81b1a6e341896120fc40478be6b906539f-242
Proposal 242,Supported By,0x696ed7b26f4b019ceec78dc8b9140ad64a6f354b-242
Proposal 242,Supported By,0x70ece45cdc64a768f936ccb8ac851578251363e3-242
Proposal 242,Supported By,0x79f08f2e75a8c99428de4a2e6456c07c99e55da5-242
Proposal 242,Supported By,0x7d81478ad18ad375e53de6f74f3122f6be3499ca-242
Proposal 242,Supported By,0x7f64c6e6908de72221a06a06b4a02a6546a4d6d2-242
Proposal 242,Supported By,0x83fcfe8ba2fece9578f0bbafed4ebf5e915045b9-242
Proposal 242,Supported By,0x86030dbbce1c771ff6622c20455cd3619aa93c05-242
Proposal 242,Supported By,0x8ac3ecf6973e020cc0e6e8989fb71b4a77d65987-242
Proposal 242,Supported By,0x8ae80e0b44205904be18869240c2ec62d2342785-242
Proposal 242,Supported By,0x8da24b480689314c6d217f2d0bad0daccc87ff44-242
Proposal 242,Supported By,0x91dccaa260cc4616e1a6e6b693db7207c5e42937-242
Proposal 242,Supported By,0x93d94557824ac07a30b5b0f44f7cb3e00f9c4191-242
Proposal 242,Supported By,0xa002c3a0c7eb9330c5b21cf3bec7fd1a7fa0befe-242
Proposal 242,Supported By,0xa1c0b11b86a46885b87c7ed68b91faa0c349e1cd-242
Proposal 242,Supported By,0xa86882277e69fbf0a51805cdc8b0a3a113079e63-242
Proposal 242,Supported By,0xa903c06bf35286f6d1cdad25396748353979a44c-242
Proposal 242,Supported By,0xae65e700f3f8904ac1007d47a5309dd26f8146c0-242
Proposal 242,Supported By,0xb52235dc0751ce6e171c51fbf459fd6637c6ccc8-242
Proposal 242,Supported By,0xba2b9804fbffa8f1a8f7dc8dd600e21268bef09f-242
Proposal 242,Supported By,0xbc3ed6b537f2980e66f396fe14210a56ba3f72c4-242
Proposal 242,Opposed By,0xbd7dbab9aeb52d6c8d0e80fcebde3af4cc86204a-242
Proposal 242,Opposed By,0xcc2688350d29623e2a0844cc8885f9050f0f6ed5-242
Proposal 242,Opposed By,0xdcb4117e3a00632efcac3c169e0b23959f555e5e-242
Proposal 242,Supported By,0xdead753f9b1eb8f2f7372e8587e7c6e342daac89-242
Proposal 242,Supported By,0xe085327c5ad2f77147f10973fed45fb19d734f7e-242
Proposal 242,Supported By,0xe26d78c6bff297bbc2da3f80fea9a42028a4260f-242
Proposal 242,Supported By,0xeb13fddfa9b2a4a6e4e7b2d67b6e38c208c41249-242
Proposal 242,Opposed By,0xeffec2d0163343c8f26983af1f6684e0b966a6b2-242
Proposal 242,Supported By,0xf2e7fd6c7ac39165a428245f15da6487ce04270a-242
Proposal 242,Supported By,0xfc538ffd2923dddaed09c8ad1a51686275c56183-242
Proposal 240,Opposed By,0x008c84421da5527f462886cec43d2717b686a7e4-240
Proposal 240,Opposed By,0x141b63d93daf55bfb7f396eee6114f3a5d4a90b2-240
Proposal 240,Opposed By,0x17beaa158e68ff9225b4c85151831c7a0d8f258d-240
Proposal 240,Opposed By,0x19cc9d48f2032f3ec8d6f60ea84979169a848231-240
Proposal 240,Opposed By,0x1db19b9903c5510aa5a866ea643eb021cd12bda0-240
Proposal 240,Opposed By,0x1e66a3d0a6a327b1f29e8acf3a3d9e1e4e088683-240
Proposal 240,Supported By,0x231a07c825f052b895de5fd1513ce40d18e14af5-240
Proposal 240,Opposed By,0x2767edfee9f5ba743511ee4187a596b302b43938-240
Proposal 240,Opposed By,0x2a019853a00ca3af202c262076da3308f606277f-240
Proposal 240,Supported By,0x2ed22ea03fea3e5bd90f6fdd52c20c26ff6e1300-240
Proposal 240,Opposed By,0x3496f3600070cc01d9665d1057f6f39afc0fe149-240
Proposal 240,Supported By,0x3b60e31cfc48a9074cd5bebb26c9eaa77650a43f-240
Proposal 240,Opposed By,0x43e3ab994070db606042e8deffd146300cb52919-240
Proposal 240,Opposed By,0x538c4f2afa012911851dadf0655cb61377e7a8eb-240
Proposal 240,Opposed By,0x696ed7b26f4b019ceec78dc8b9140ad64a6f354b-240
Proposal 240,Opposed By,0x7358a259a7bfd03d1430887dad80498328f13c9c-240
Proposal 240,Supported By,0x7c1282a7621f0e2f6169e151628552a8b8a57b2d-240
Proposal 240,Opposed By,0x7d81478ad18ad375e53de6f74f3122f6be3499ca-240
Proposal 240,Supported By,0x7f64c6e6908de72221a06a06b4a02a6546a4d6d2-240
Proposal 240,Opposed By,0x86030dbbce1c771ff6622c20455cd3619aa93c05-240
Proposal 240,Supported By,0x8ac3ecf6973e020cc0e6e8989fb71b4a77d65987-240
Proposal 240,Supported By,0x8ae80e0b44205904be18869240c2ec62d2342785-240
Proposal 240,Opposed By,0xa86882277e69fbf0a51805cdc8b0a3a113079e63-240
Proposal 240,Supported By,0xa903c06bf35286f6d1cdad25396748353979a44c-240
Proposal 240,Opposed By,0xae65e700f3f8904ac1007d47a5309dd26f8146c0-240
Proposal 240,Supported By,0xaec4075e4fc8ce829bc4f0cfd5e2fa10dd2b12d1-240
Proposal 240,Supported By,0xb4496906d6ea2685e7a46a14baefae9fe3bf0d2f-240
Proposal 240,Opposed By,0xba2b9804fbffa8f1a8f7dc8dd600e21268bef09f-240
Proposal 240,Opposed By,0xcc2688350d29623e2a0844cc8885f9050f0f6ed5-240
Proposal 240,Opposed By,0xd2a744047bb754040911ae14cb5bfe289812e9a9-240
Proposal 240,Supported By,0xdcb4117e3a00632efcac3c169e0b23959f555e5e-240
Proposal 240,Supported By,0xe8d24be3abf6eb27b800f752a969d3c1e84fd401-240
Proposal 240,Opposed By,0xeb13fddfa9b2a4a6e4e7b2d67b6e38c208c41249-240
Proposal 240,Supported By,0xfc538ffd2923dddaed09c8ad1a51686275c56183-240
